id,timestamp,acc_x,acc_y,acc_z,gyro_x,gyro_y,gyro_z
0,1715847985.527987,-0.027287943,0.36988285,0.8928102,-0.22783324,-0.33129695,-0.43516016
1,1715847985.5346887,-0.09657612,0.38105443,0.9354209,-0.22783324,-0.33129695,-0.43516016
2,1715847985.5376244,-0.09657612,0.38105443,0.9354209,-0.3290333,-0.029827379,-0.44368225
3,1715847985.550349,-0.09657612,0.38105443,0.9354209,-0.33542484,0.23755376,-0.4191812
4,1715847985.5521765,-0.12197161,0.29912958,1.0187498,-0.33542484,0.23755376,-0.4191812
5,1715847985.5586467,-0.12197161,0.33545244,0.9702786,-0.28216168,0.4495412,-0.3137201
6,1715847985.5599976,-0.15420434,0.33545244,0.9702786,-0.28216168,0.4495412,-0.3137201
7,1715847985.5665145,-0.11464599,0.34808913,0.90733933,-0.28216168,0.4495412,-0.3137201
8,1715847985.5732083,-0.11464599,0.34808913,0.90733933,-0.30027115,0.50173914,-0.2583264
9,1715847985.6004639,-0.11464599,0.34808913,0.90733933,-0.35566485,0.5581981,-0.2583264
10,1715847985.62761,-0.054636933,0.29522258,0.8850573,-0.35566485,0.5581981,-0.2583264
11,1715847985.654707,-0.054636933,0.29522258,0.8850573,-0.38442698,0.569916,-0.25406536
12,1715847985.6667278,-0.13857636,0.33642918,0.8743741,-0.38442698,0.569916,-0.25406536
13,1715847985.6988769,-0.20298079,0.32336515,0.8564873,-0.38442698,0.569916,-0.25406536
14,1715847985.7113016,-0.20298079,0.32336515,0.8564873,-0.43982068,0.46552017,-0.18375796
15,1715847985.738286,-0.20298079,0.32336515,0.8719932,-0.43982068,0.46552017,-0.18375796
16,1715847985.7399073,-0.16055322,0.3082866,0.8874991,-0.48456174,0.19600849,-0.06551371
17,1715847985.7513623,-0.12929723,0.32190004,0.93932796,-0.48456174,0.19600849,-0.06551371
18,1715847985.757856,-0.12929723,0.32190004,0.93932796,-0.48456174,0.098004244,-0.061252654
19,1715847985.7594125,-0.12929723,0.32190004,0.93932796,-0.46219122,0.098004244,-0.061252654
20,1715847985.7659633,-0.11318087,0.30395228,0.92620283,-0.3833617,0.029827379,-0.083623186
21,1715847985.7676234,-0.13711123,0.30975172,0.92669123,-0.3024017,-0.061785284,-0.09001477
22,1715847985.7690496,-0.14199498,0.29961795,0.8961678,-0.31411958,-0.04154528,-0.07723161
23,1715847985.7703638,-0.09169237,0.29229233,0.9213801,-0.31625012,-0.0074568447,-0.092145294
24,1715847985.7716854,-0.07850625,0.29571095,0.9373744,-0.26192167,0.0010652635,-0.12623373
25,1715847985.7780638,-0.07606438,0.30926335,0.9697903,-0.26192167,0.0010652635,-0.12623373
26,1715847985.7798448,-0.07606438,0.30926335,0.9697903,-0.14900373,-0.019174743,-0.18695375
27,1715847985.786299,-0.07606438,0.30926335,1.020215,-0.14900373,-0.019174743,-0.18695375
28,1715847985.7876441,-0.06086371,0.29522258,1.020215,-0.14900373,-0.019174743,-0.18695375
29,1715847985.7939641,-0.05988696,0.30444065,1.0056858,-0.14900373,-0.019174743,-0.18695375
30,1715847985.8055892,-0.05988696,0.30444065,1.0056858,-0.14900373,0.011717899,-0.21358533
31,1715847985.8071082,-0.05988696,0.30444065,1.0056858,-0.08082687,0.011717899,-0.21358533
32,1715847985.808457,-0.06184046,0.31268197,0.91991496,-0.08828372,0.046871595,-0.23062955
33,1715847985.809803,-0.019901274,0.29815283,0.8182109,-0.55167335,0.13422321,-0.33182958
34,1715847985.8111002,-0.06477071,0.2564578,0.7741351,-0.7306376,-0.068176866,-0.2679138
35,1715847985.8124573,-0.06184046,-0.069410264,0.7431233,-0.7306376,-0.068176866,-0.2679138
36,1715847985.8138187,-0.06184046,-0.069410264,0.7431233,-0.9447556,-0.25246745,-0.113450564
37,1715847985.8151693,-0.31176627,0.18320161,0.6336663,-0.9447556,-0.25246745,-0.113450564
38,1715847985.8215604,-0.31176627,0.18320161,0.6336663,-0.881905,-0.335558,0.28602326
39,1715847985.8279312,-0.45724094,0.49936324,0.7717543,-0.881905,-0.335558,0.28602326
40,1715847985.8446088,-0.14431477,0.2598154,0.9470809,-0.881905,-0.335558,0.28602326
41,1715847985.8664389,-0.14431477,0.2598154,0.9470809,-0.5239765,-0.7339666,0.19760638
42,1715847985.8681014,-0.14431477,0.2598154,0.9470809,-0.40892804,-1.0396972,-0.0101200035
43,1715847985.869371,0.0036017643,0.20700988,0.9339558,-0.40892804,-1.0396972,-0.0101200035
44,1715847985.870701,0.0045785136,0.27196372,0.8589292,-0.2725743,-1.1387668,-0.18482322
45,1715847985.8720047,0.015811134,0.3068825,0.8739467,-0.057391074,-0.8788424,-0.21571587
46,1715847985.8732822,0.093401685,0.26128054,0.9533686,-0.057391074,-0.8788424,-0.21571587
47,1715847985.874572,0.15005316,0.3034639,1.1737478,0.5593965,-0.6604634,-0.29774114
48,1715847985.8759062,0.15249503,0.31414708,1.1344947,1.0206556,-0.59761286,-0.40959382
49,1715847985.8771691,0.15591365,0.24479789,0.91313887,1.2720578,-0.40160435,-0.44155174
50,1715847985.878365,0.15591365,0.24479789,0.91313887,1.8973675,-0.07456845,-0.50759804
51,1715847985.9095516,0.024601882,0.2806934,0.6646781,1.8973675,-0.07456845,-0.50759804
52,1715847985.9265049,0.024601882,0.2806934,0.6646781,1.9122812,-0.22050954,-0.59068865
53,1715847985.9587123,0.024601882,0.2806934,0.6646781,1.579919,-0.43143174,-0.4745749
54,1715847985.9604132,0.07734636,0.51199996,0.4617584,1.579919,-0.43143174,-0.4745749
55,1715847985.9617805,0.07734636,0.51199996,0.4617584,1.1612704,-0.4996086,-0.25619587
56,1715847985.9631917,0.2978476,0.49502894,0.56297404,0.5913544,-0.10439582,-0.4511391
57,1715847985.9645865,0.7796904,0.83927214,1.3360103,0.19933744,2.0186744,-1.449291
58,1715847986.010051,0.7796904,0.83927214,1.3360103,0.5071986,2.2626197,-1.8530259
59,1715847986.016728,0.6674253,0.82571965,1.5341073,0.5071986,2.2626197,-1.8530259
60,1715847986.0333467,0.6674253,0.82571965,1.5341073,0.5071986,1.5883079,-1.8967017
61,1715847986.0349846,0.6674253,0.82571965,1.5341073,0.9098682,1.5883079,-1.8967017
62,1715847986.0466564,0.2559084,0.8310308,2.0673516,0.9098682,1.5883079,-1.8967017
63,1715847986.0738833,0.2617689,0.7122336,1.9830459,0.9098682,1.5883079,-1.8967017
64,1715847986.0857584,0.2617689,0.7122336,1.9830459,1.2976241,-0.05113265,-1.5803185
65,1715847986.122927,0.2617689,0.7122336,1.9830459,1.5564831,-0.53263175,-1.7763269
66,1715847986.1244988,0.27391723,0.7471524,2.110939,1.5564831,-0.53263175,-1.7763269
67,1715847986.1258688,0.27391723,0.7471524,2.110939,1.7769927,-1.358211,-2.1843228
68,1715847986.127227,0.1977918,0.9803514,2.4553044,2.1306603,-1.9984344,-2.4218767
69,1715847986.1284914,0.113852374,1.076378,2.6940587,2.1306603,-1.9984344,-2.4218767
70,1715847986.129911,-0.0067762,1.1670327,2.823417,2.5951152,-2.1976388,-2.4900534
71,1715847986.1363018,-0.19809704,1.2582366,2.9842143,2.5951152,-2.1976388,-2.4900534
72,1715847986.1375968,-0.19809704,1.2582366,2.9842143,3.0244162,-2.215748,-2.4250724
73,1715847986.144052,-0.30743194,1.3164142,3.2099044,3.0244162,-2.215748,-2.4250724
74,1715847986.1455255,-0.32061806,1.5704913,2.8026,4.182358,-2.567285,-2.0330555
75,1715847986.147005,-0.0087297,1.2582366,3.194887,4.2697096,-1.9419754,-1.0785793
76,1715847986.1485245,-0.04676189,1.3266091,3.180358,4.2675786,-2.6045694,-1.1467562
77,1715847986.1499953,-0.26402763,1.3673273,3.176512,4.349604,-3.2852726,-0.8825708
78,1715847986.151489,-0.17032072,1.0055637,3.0142493,4.349604,-3.2852726,-0.8825708
79,1715847986.1529822,-0.47152588,0.5090697,3.0389123,5.475588,-4.187551,-2.0607524
80,1715847986.1806166,-0.47152588,0.5090697,3.0389123,6.1094193,-5.194225,-2.2567608
81,1715847986.1822877,-0.73024243,0.3805661,2.3797283,6.6558995,-6.0059557,-2.2397165
82,1715847986.1887145,-0.73024243,0.3805661,2.3797283,6.8646913,-5.9612145,-2.3398514
83,1715847986.1951268,-0.73024243,0.3805661,2.1327329,6.8646913,-5.9612145,-2.3398514
84,1715847986.1965332,-0.48275852,0.112875625,2.1327329,6.9190197,-5.646962,-2.5965798
85,1715847986.2285237,-0.48275852,0.112875625,2.1327329,7.0628304,-4.8309703,-2.8948536
86,1715847986.2402318,-0.4036418,-0.063122444,1.9171764,7.0628304,-4.8309703,-2.8948536
87,1715847986.2721963,-0.6135819,-0.37293524,1.5830059,7.0628304,-4.8309703,-2.8948536
88,1715847986.2737682,-0.6135819,-0.37293524,1.5830059,7.126746,-3.5153697,-3.0120325
89,1715847986.2751563,-0.7917777,-0.43697336,1.4836826,7.1523123,-2.7760768,-2.876744
90,1715847986.2764792,-1.1275964,-0.56596535,0.9519035,6.876409,-1.5701984,-1.9318554
91,1715847986.2778058,-0.504247,-0.7409867,0.96399087,6.340582,-1.026914,-1.1861709
92,1715847986.294398,-0.39002833,-0.7671758,0.9519035,6.340582,-1.026914,-1.1861709
93,1715847986.2960155,-0.39002833,-0.7671758,0.9519035,6.288384,-0.86179817,-1.1872362
94,1715847986.2974653,-0.14987002,-0.80691725,0.78188807,6.288384,-0.86179817,-1.1872362
95,1715847986.30386,-0.14987002,-0.80691725,0.78188807,6.1903796,-0.2769685,-1.3150678
96,1715847986.3206112,-0.14987002,-0.80691725,0.78188807,6.0572214,-0.0053263176,-1.4024194
97,1715847986.3222957,-0.104451165,-0.80789405,0.58183753,6.0572214,-0.0053263176,-1.4024194
98,1715847986.3237548,-0.027348988,-0.79238814,0.35810083,5.4596086,0.45380226,-1.5451647
99,1715847986.3251812,0.013674494,-0.78317004,0.32031283,5.4596086,0.45380226,-1.5451647
100,1715847986.3367016,0.013674494,-0.78317004,0.32031283,5.4596086,0.6221139,-1.562209
101,1715847986.3384016,0.1484049,-0.8122894,0.32995823,5.0494823,0.7424887,-1.5174679
102,1715847986.3672917,0.17087014,-0.7719985,0.1696492,5.0494823,0.7424887,-1.5174679
103,1715847986.3791637,0.17087014,-0.7719985,0.1696492,4.9663916,0.7787076,-1.4418342
104,1715847986.3805895,0.21042849,-0.7337221,0.0040290924,4.7576,0.7137266,-1.3907015
105,1715847986.3921168,0.23240536,-0.7104633,-0.08363418,4.7576,0.7137266,-1.3907015
106,1715847986.3986228,0.23240536,-0.7104633,-0.08363418,4.4870234,0.59441704,-1.3416994
107,1715847986.4153643,0.25383282,-0.67890203,-0.094317384,4.4870234,0.59441704,-1.3416994
108,1715847986.4168966,0.25383282,-0.67890203,-0.094317384,4.345343,0.48576015,-1.2926973
109,1715847986.4183307,0.3334379,-0.6784136,-0.18582661,4.248404,0.30786115,-1.2287815
110,1715847986.4196546,0.4354472,-0.64111406,-0.3437548,4.186619,0.15978953,-1.2170635
111,1715847986.4413455,0.4354472,-0.64111406,-0.3437548,4.053461,-0.035153694,-1.3725921
112,1715847986.468349,0.47988927,-0.6590618,-0.64209074,4.053461,-0.035153694,-1.3725921
113,1715847986.4801447,0.47988927,-0.6590618,-0.64209074,3.868105,-0.14594111,-1.4588784
114,1715847986.4867065,0.40223768,-0.6309192,-0.8527635,3.868105,-0.14594111,-1.4588784
115,1715847986.5034087,0.40223768,-0.6309192,-0.8527635,3.5027196,-0.22583586,-1.5121416
116,1715847986.5101116,0.26799566,-0.59941906,-1.1690471,3.5027196,-0.22583586,-1.5121416
117,1715847986.5319138,0.08833479,-0.5547938,-1.4209266,3.5027196,-0.22583586,-1.5121416
118,1715847986.559008,0.08833479,-0.5547938,-1.4209266,2.954109,-0.2716422,-1.4727268
119,1715847986.5758934,-0.024907116,-0.5344041,-1.54009,2.954109,-0.2716422,-1.4727268
120,1715847986.5877748,-0.024907116,-0.5344041,-1.54009,2.1210728,-0.5763076,-1.3097415
121,1715847986.6147556,-0.024907116,-0.5344041,-1.54009,2.1210728,-0.9992172,-1.1627351
122,1715847986.6164234,-0.0048837485,-0.5334274,-1.4664675,1.5426347,-0.9992172,-1.1627351
123,1715847986.6329968,-0.0048837485,-0.5334274,-1.4141504,1.5426347,-0.9992172,-1.1627351
124,1715847986.6345122,-0.0014651244,-0.5203634,-1.4141504,1.5426347,-0.9992172,-1.1627351
125,1715847986.635852,-0.0014651244,-0.5203634,-1.4141504,1.3295821,-1.1994867,-1.1179941
126,1715847986.6372085,-0.079055674,-0.46798518,-1.3744088,0.8843019,-1.6724638,-0.9784446
127,1715847986.638485,-0.11519541,-0.5004621,-1.409755,0.46884912,-1.77899,-0.88150555
128,1715847986.6399586,-0.39344695,-0.6706607,-1.626288,0.25792694,-1.7811207,-0.79948026
129,1715847986.6413898,-0.39344695,-0.6706607,-1.626288,-0.050999492,-1.6351795,-0.6332992
130,1715847986.642752,-0.71174526,-0.7070446,-1.7793326,-0.68270075,-1.0578067,-0.35526538
131,1715847986.644062,-1.0779042,-0.6571083,-1.7832396,-1.7682043,-0.10120004,0.34780854
132,1715847986.650449,-1.1877276,-0.61974764,-1.6297067,-1.7682043,-0.10120004,0.34780854
133,1715847986.657145,-1.1877276,-0.61974764,-1.6297067,-1.956756,0.12250531,0.6066676
134,1715847986.6635523,-1.3019462,-0.5605932,-1.232536,-1.9301244,0.20240007,0.7835013
135,1715847986.6700854,-1.3815513,-0.48788643,-1.1380965,-1.7458338,0.2162485,1.0104024
136,1715847986.6920347,-1.3815513,-0.48788643,-1.1380965,-1.5253242,0.20985691,1.2681962
137,1715847986.698709,-1.4923513,-0.39723185,-1.309516,-1.5253242,0.20985691,1.2681962
138,1715847986.7255712,-1.4879559,-0.36084795,-1.4417435,-1.5253242,0.20985691,1.2681962
139,1715847986.7425065,-1.4879559,-0.36084795,-1.4417435,-1.6350464,0.19068217,1.5334468
140,1715847986.7441814,-1.3888769,-0.37781897,-1.4049323,-1.6350464,0.19068217,1.5334468
141,1715847986.7659006,-1.3888769,-0.37781897,-1.4049323,-1.8630128,0.2865559,1.805089
142,1715847986.7675602,-1.3014578,-0.436485,-1.3846036,-2.0366507,0.5049349,2.014946
143,1715847986.8046303,-1.3014578,-0.54557574,-1.469825,-2.0366507,0.5049349,2.014946
144,1715847986.8061714,-1.1433464,-0.54557574,-1.469825,-2.0366507,0.5049349,2.014946
145,1715847986.8075914,-1.1433464,-0.54557574,-1.469825,-3.1796784,1.5829816,2.8426557
146,1715847986.80901,-0.63226223,-0.64013726,-1.3908914,-4.9341674,1.8706027,3.3763528
147,1715847986.8102918,0.44216233,-0.7099749,-0.0013430307,-5.9323196,1.8098828,3.4658349
148,1715847986.811644,0.44216233,-0.7099749,-0.0013430307,-6.6801343,1.4530195,3.348656
149,1715847986.8129475,0.5925208,-0.69105035,1.4211707,-7.127545,0.06604634,3.0972538
150,1715847986.8245132,0.587637,-0.6522856,1.886653,-7.127545,0.06604634,3.0972538
151,1715847986.8464873,0.587637,-0.6522856,1.886653,-6.74405,-0.472977,3.2208242
152,1715847986.84826,0.622861,-0.59844226,2.0673516,-6.1922436,-0.6338318,3.481814
153,1715847986.849665,0.72737324,-0.5325117,2.053738,-5.7118096,-0.43462753,3.7151065
154,1715847986.866265,0.81033593,-0.4728689,1.9321939,-5.7118096,-0.43462753,3.7151065
155,1715847986.8678505,0.81033593,-0.4728689,1.9321939,-5.3709254,0.038349487,3.8067193
156,1715847986.8692951,0.8127778,-0.4098075,1.7849488,-5.2409635,0.509196,3.765174
157,1715847986.870659,0.73469883,-0.3705544,1.7127914,-5.3187275,0.7360971,3.6543865
158,1715847986.8823667,0.66437286,-0.3768422,1.7282974,-5.4795823,0.8138613,3.5681002
159,1715847986.8993044,0.66437286,-0.3768422,1.8871413,-5.4795823,0.8138613,3.5681002
160,1715847986.9010296,0.65314025,-0.38703704,1.8871413,-5.61061,0.8266445,3.4892707
161,1715847986.9024782,0.5467356,-0.3889295,2.091038,-5.5328455,0.81918764,3.3997886
162,1715847986.9345605,0.41835406,-0.37781897,2.1821196,-5.5328455,0.81918764,3.3997886
163,1715847986.9514477,0.41835406,-0.37781897,2.1821196,-5.1663947,0.97045505,3.3795485
164,1715847986.9685977,0.33050767,-0.35498744,2.1060555,-5.1663947,0.97045505,3.3795485
165,1715847986.9856725,0.33050767,-0.35498744,2.1060555,-5.1663947,0.97045505,3.4083107
166,1715847986.9873455,0.33050767,-0.35498744,2.1060555,-4.798879,1.1515498,3.4083107
167,1715847986.9886813,0.29192603,-0.30846974,1.8770075,-4.366382,1.3773857,3.4551823
168,1715847987.0006816,0.29729816,-0.27208582,1.580564,-4.366382,1.3773857,3.4551823
169,1715847987.0023165,0.29729816,-0.27208582,1.580564,-4.1330895,1.5425016,3.4519866
170,1715847987.003773,0.29729816,-0.27208582,1.580564,-4.1895485,1.7853817,3.3880706
171,1715847987.0052648,0.3436938,-0.19400689,1.2371755,-4.1895485,1.7853817,3.3880706
172,1715847987.0068004,0.35932177,-0.022404194,1.1368755,-4.362121,1.9536933,3.3135023
173,1715847987.0082188,0.35932177,-0.022404194,1.1368755,-4.7072663,2.1880512,2.9459863
174,1715847987.0095935,0.41981918,0.07264575,1.1693524,-4.7072663,2.1880512,2.9459863
175,1715847987.0110042,0.4486333,0.1279542,1.14414,-4.7605295,2.178464,2.759565
176,1715847987.0124295,0.43447042,0.20505637,1.0279069,-4.7605295,2.178464,2.759565
177,1715847987.013997,0.2787399,0.33209488,1.0792474,-5.364534,2.5321314,2.1907144
178,1715847987.0155401,0.1791725,0.49447948,1.3010916,-5.5562816,2.7718158,2.2066934
179,1715847987.0170293,0.27483293,0.7219401,1.7607133,-5.5562816,2.7718158,2.2066934
180,1715847987.0184004,0.27483293,0.7219401,1.7607133,-5.444429,2.8655589,2.2919145
181,1715847987.0249236,0.5467356,1.1020788,2.0474503,-5.444429,2.8655589,2.2919145
182,1715847987.0466588,0.5467356,1.1020788,2.0474503,-4.911797,2.6450493,2.281262
183,1715847987.0636623,0.5467356,1.1020788,2.0474503,-3.4491901,1.6927037,1.8519607
184,1715847987.0654035,1.5752529,2.4049408,2.3705103,-2.627872,1.3933647,1.3630047
185,1715847987.0870566,1.6182299,2.777876,2.2271721,-2.627872,1.3933647,1.3630047
186,1715847987.0888808,1.6074857,2.8922777,2.160326,-1.4017537,1.4285184,0.5225118
187,1715847987.090344,1.6504017,3.073648,2.1360903,-1.035303,1.3475584,0.19973691
188,1715847987.096951,1.8256671,3.174009,2.4557927,-1.035303,1.3475584,0.19973691
189,1715847987.0985062,1.8256671,3.174009,2.4557927,-0.7860313,1.0759162,-0.11771162
190,1715847987.0999923,1.8808535,3.1448896,2.7831872,-0.44621226,0.7009434,-0.48096648
191,1715847987.1014507,1.903746,3.0508165,2.9977667,-0.44621226,0.7009434,-0.48096648
192,1715847987.102961,1.903746,3.0508165,2.9977667,-0.010519478,0.32277486,-0.7717834
193,1715847987.1044576,1.9325602,2.8568707,3.3542192,1.4808495,-0.32597065,-1.3161331
194,1715847987.1060405,1.9481882,2.5475461,3.6647036,1.4808495,-0.32597065,-1.3161331
195,1715847987.1124775,1.9481882,2.5475461,3.6647036,2.0454392,-0.5890907,-1.5206637
196,1715847987.1139824,1.897397,2.376371,3.708291,2.0454392,-0.5890907,-1.5206637
197,1715847987.1156335,1.897397,2.376371,3.708291,2.65477,-1.0173267,-1.7752616
198,1715847987.117102,1.7134019,2.0190024,3.4811354,3.0340037,-1.33371,-1.9765965
199,1715847987.1186025,1.6909368,1.8158386,3.2476926,3.1703575,-1.4072131,-2.189649
200,1715847987.1201072,1.6718901,1.67421,3.0800579,3.124551,-1.2634026,-2.302567
201,1715847987.121803,1.5786716,1.541372,2.8955743,3.0031111,-0.97045505,-2.4261377
202,1715847987.1385605,1.4498017,1.4026735,2.6650002,3.0031111,-0.97045505,-2.4261377
203,1715847987.1452713,1.4498017,1.4026735,2.6650002,2.8955195,-0.75527185,-2.5422513
204,1715847987.177407,1.4498017,1.4026735,2.6650002,2.8955195,-0.73290133,-2.7190852
205,1715847987.1790426,1.2383964,1.1767391,2.3443823,2.8806057,-0.73290133,-2.7190852
206,1715847987.1854954,1.0870613,1.0031829,2.2290647,2.8869972,-0.8266445,-2.8895273
207,1715847987.1919098,1.0870613,1.0031829,2.2290647,3.006307,-0.9747161,-3.098319
208,1715847987.198318,1.0870613,1.0031829,2.2290647,3.172488,-0.9693898,-3.2570431
209,1715847987.215193,1.0870613,1.0031829,2.0891454,3.172488,-0.9693898,-3.2570431
210,1715847987.2168376,0.6218843,0.659367,1.9375049,3.172488,-0.9693898,-3.2570431
211,1715847987.223173,0.6218843,0.659367,1.9375049,3.471827,-0.82877505,-3.3923316
212,1715847987.2245529,0.4129209,0.4848341,1.9360398,3.471827,-0.82877505,-3.3923316
213,1715847987.2258196,0.21476282,0.31317034,1.8944058,4.2984715,-1.0386319,-3.377418
214,1715847987.2424698,0.21476282,0.31317034,1.8944058,4.7884927,-1.4604763,-3.2836747
215,1715847987.2593548,0.09077667,0.14052984,1.7374543,5.0612,-1.7768595,-3.2186937
216,1715847987.2660336,0.022404194,0.042122327,1.5447295,5.0612,-1.7768595,-3.2186937
217,1715847987.2983232,0.05024156,-0.14944269,1.3180625,5.0612,-1.7768595,-3.2186937
218,1715847987.3101046,0.05024156,-0.14944269,1.3180625,5.262535,-2.1241355,-3.106841
219,1715847987.31155,0.12001811,-0.29442897,1.2284458,5.352017,-2.134788,-3.098319
220,1715847987.3129706,0.17911147,-0.58098286,1.2385795,5.554417,-1.9409101,-3.2591739
221,1715847987.3145263,0.12099486,-0.80111784,1.2846088,5.679053,-1.8237312,-3.3273506
222,1715847987.3209424,0.12099486,-0.80111784,1.2846088,5.8921056,-1.6820511,-3.3806138
223,1715847987.3224716,0.12099486,-0.80111784,1.2846088,6.09131,-1.4721942,-3.3965929
224,1715847987.3239038,0.12832049,-0.8709554,1.2013409,6.09131,-1.4721942,-3.3965929
225,1715847987.3304408,0.12832049,-0.8709554,1.2013409,6.1701393,-0.97684664,-3.3316116
226,1715847987.331985,0.055125307,-0.85929555,0.8332285,5.8058195,-0.51239175,-3.038664
227,1715847987.3333864,0.2757486,-0.811801,0.88890314,5.8058195,-0.51239175,-3.038664
228,1715847987.334747,0.46420026,-0.78994626,0.9848078,5.1592045,-0.22264008,-2.8852663
229,1715847987.3360968,0.7707775,-0.7821933,1.2027451,4.882236,-0.16511585,-3.0109673
230,1715847987.3373559,0.7707775,-0.7821933,1.2027451,4.7618613,-0.12463583,-3.3071105
231,1715847987.3620343,0.7707775,-0.7821933,1.4430255,4.7618613,-0.12463583,-3.3071105
232,1715847987.3636305,1.0045869,-0.81326616,1.4430255,4.7618613,-0.12463583,-3.3071105
233,1715847987.3853493,1.0885265,-0.89128405,1.6740267,4.7618613,-0.12463583,-3.3071105
234,1715847987.3970492,1.0885265,-0.89128405,1.6740267,4.873714,-0.05432844,-3.7257593
235,1715847987.4036086,1.0885265,-0.89128405,1.6740267,5.190097,-0.047936857,-4.124168
236,1715847987.4305751,0.9547728,-0.9349325,1.816449,5.190097,-0.047936857,-4.124168
237,1715847987.4372792,0.9547728,-0.9349325,1.816449,5.650291,0.137419,-4.2882185
238,1715847987.4538655,0.72877735,-1.0256481,1.6687157,5.650291,0.137419,-4.2882185
239,1715847987.4911985,0.5037586,-1.0566599,1.365496,5.650291,0.137419,-4.2882185
240,1715847987.4928272,0.5037586,-1.0566599,1.365496,6.059352,0.38882118,-4.217911
241,1715847987.504301,0.5037586,-1.0566599,1.365496,6.2756004,0.41119173,-4.064513
242,1715847987.5209572,0.3636561,-1.0634362,0.99500257,6.2756004,0.41119173,-4.064513
243,1715847987.5227141,0.2250187,-1.0513489,0.4626741,6.2724047,0.29294747,-3.918572
244,1715847987.5342603,0.12197161,-1.0232062,0.058238693,6.2724047,0.29294747,-3.918572
245,1715847987.5358338,0.12197161,-1.0232062,0.058238693,6.021003,0.15446322,-3.8088498
246,1715847987.537388,0.09956741,-1.0207645,-0.25804505,5.606615,0.008522108,-3.7321508
247,1715847987.5489383,0.09956741,-1.0207645,-0.25804505,4.806602,-0.27270746,-3.7161717
248,1715847987.5608048,0.09956741,-0.97131646,-0.5907504,4.806602,-0.27270746,-3.7161717
249,1715847987.5621905,-0.09865171,-0.97131646,-0.5907504,4.806602,-0.27270746,-3.7161717
250,1715847987.5788567,-0.32220528,-1.0144767,-0.8077719,4.806602,-0.27270746,-3.7161717
251,1715847987.580612,-0.32220528,-1.0144767,-0.8077719,4.1578565,-0.4580633,-3.6139066
252,1715847987.5820775,-0.68934107,-1.1298552,-1.2053701,3.8201683,-0.46871597,-3.535077
253,1715847987.593597,-0.68934107,-1.1298552,-1.2053701,3.4217596,-0.45167172,-3.3710265
254,1715847987.5950994,-0.99390376,-1.232658,-1.4921072,3.136269,-0.31212223,-3.1824749
255,1715847987.5966928,-1.4283743,-1.4372871,-1.8611964,3.136269,-0.31212223,-3.1824749
256,1715847987.598276,-1.682207,-1.5119473,-2.2167332,2.8507783,-0.2364885,-2.735064
257,1715847987.5997376,-1.912659,-1.6016862,-2.7349598,2.1274645,-0.4612591,-1.8146764
258,1715847987.6061664,-2.030296,-1.6700586,-3.111802,2.1274645,-0.4612591,-1.8146764
259,1715847987.6077518,-2.044398,-1.6806809,-3.127247,0.4017375,-0.4005391,-0.79521924
260,1715847987.6092718,-1.8008211,-1.6646866,-1.7803094,-2.4766045,0.92677927,1.348091
261,1715847987.6105723,-1.8008211,-1.6646866,-1.7803094,-2.5245414,0.8586024,1.8104154
262,1715847987.61184,-1.9238305,-1.5934448,-1.8626616,-2.5245414,0.8586024,1.8104154
263,1715847987.6132388,-1.9238305,-1.5934448,-1.8626616,-2.8622298,0.6008086,2.3078935
264,1715847987.6147976,-1.8964815,-1.5289184,-1.6621226,-3.3096406,0.57737285,2.911898
265,1715847987.616321,-1.1701461,-1.4508394,-1.1797304,-4.0478683,1.2740551,4.47677
266,1715847987.6176004,-1.1701461,-1.4508394,-1.1797304,-4.272639,1.5275879,4.86133
267,1715847987.6395829,-0.19821912,-1.4407057,-0.8799293,-5.2771826,2.1805944,5.7774568
268,1715847987.6514914,0.80496377,-1.3379028,0.057322994,-6.839924,2.2754028,6.0959706
269,1715847987.6580803,1.3204434,-1.2171521,1.1131893,-7.4119706,1.912148,5.939377
270,1715847987.6699853,1.6840996,-1.0134997,2.0634446,-7.4119706,1.912148,5.939377
271,1715847987.6868155,1.6840996,-1.0134997,2.0634446,-7.4119706,1.1089393,5.532446
272,1715847987.6883562,1.6840996,-1.0134997,2.0634446,-6.973082,1.1089393,5.532446
273,1715847987.6898363,1.7412393,-0.87870836,2.3918157,-6.4297976,0.6562023,5.2597384
274,1715847987.6911983,1.6875181,-0.67554444,2.492604,-5.477452,0.20879164,4.9380293
275,1715847987.6926544,1.6875181,-0.67554444,2.492604,-4.4771695,0.13209268,4.7058015
276,1715847987.6938965,1.4610343,-0.48111024,2.1007442,-4.4771695,0.13209268,4.7058015
277,1715847987.7341177,1.4610343,-0.48111024,2.1007442,-4.285422,0.27377272,4.65893
278,1715847987.7361975,1.1945038,-0.39863595,1.3717839,-4.391948,0.66792023,4.5758395
279,1715847987.7376833,0.99530786,-0.4466798,1.4085951,-4.8372283,1.37419,4.3095236
280,1715847987.7388976,0.99530786,-0.4466798,1.4085951,-5.1578727,1.8066869,4.1444077
281,1715847987.7706184,0.99530786,-0.4466798,1.4085951,-5.5296497,2.182725,3.9388118
282,1715847987.7723749,0.86546123,-0.48111024,1.568904,-5.5296497,2.182725,3.9388118
283,1715847987.7737885,0.6624194,-0.52567446,1.8372661,-5.6649384,2.2093565,3.7705002
284,1715847987.7752795,0.4466188,-0.5378228,2.019369,-5.5168667,2.08259,3.7065845
285,1715847987.776712,0.30602786,-0.50095046,2.076997,-5.1834393,1.8759291,3.7513256
286,1715847987.7862601,0.30602786,-0.50095046,2.076997,-4.8052707,1.6064174,3.8397424
287,1715847987.7876227,0.2777632,-0.44179606,1.9878685,-4.8052707,1.6064174,3.8397424
288,1715847987.8343086,0.38221434,-0.3748887,1.7621783,-4.5549335,1.3848426,3.9132454
289,1715847987.8362148,0.5101075,-0.29827493,1.5166479,-4.548542,1.3677983,3.8695698
290,1715847987.8376694,0.6213959,-0.22990243,1.3626267,-4.723245,1.5808511,3.6969972
291,1715847987.8390791,0.6135819,-0.17752424,1.2579924,-4.723245,1.5808511,3.6969972
292,1715847987.8404846,0.6135819,-0.17752424,1.2579924,-4.979974,1.9206702,3.4487906
293,1715847987.8570995,0.6135819,-0.17752424,1.2579924,-5.211136,2.2423797,3.2815442
294,1715847987.8586247,0.52475876,-0.15182352,1.1490238,-5.211136,2.2423797,3.2815442
295,1715847987.8803656,0.52475876,-0.15182352,1.1490238,-5.613806,2.6770072,3.126016
296,1715847987.8922446,0.41151682,-0.12569547,0.9901189,-5.613806,2.6770072,3.126016
297,1715847987.919304,0.41151682,-0.12569547,0.9901189,-6.133654,3.0242832,3.0035105
298,1715847987.9311614,0.40516797,-0.074294016,0.8893916,-6.133654,3.0242832,3.0035105
299,1715847987.9530017,0.48178175,0.056163102,1.080224,-6.133654,3.0242832,3.0035105
300,1715847987.9597433,0.48178175,0.056163102,1.080224,-6.722745,3.1723547,2.77874
301,1715847987.9610662,0.5008284,0.1851551,1.3349725,-6.722745,3.1723547,2.77874
302,1715847987.9624617,0.638489,0.42757213,1.7796378,-6.901709,3.014696,2.6157546
303,1715847987.9689617,0.638489,0.42757213,1.7796378,-6.849511,2.6024387,2.4154851
304,1715847987.970489,0.638489,0.42757213,1.7796378,-6.1751995,2.0953734,2.1374512
305,1715847987.9922614,0.87034494,0.8998916,2.3952343,-6.1751995,2.0953734,2.1374512
306,1715847987.994435,1.1602565,1.3314319,2.7008348,-5.16746,1.7757943,1.8572869
307,1715847987.9959705,1.1602565,1.3314319,2.7008348,-4.3109884,1.67779,1.541969
308,1715847987.9975111,1.4262986,1.871086,2.582648,-3.7911398,1.7204006,1.3108068
309,1715847988.0192063,1.5278195,2.3758824,2.1196077,-3.7911398,1.7204006,1.3108068
310,1715847988.020999,1.5278195,2.3758824,2.1196077,-2.7578342,2.1795292,0.5853623
311,1715847988.0225058,1.6362387,2.977621,2.228088,-2.8366637,1.8823206,-0.25513062
312,1715847988.023935,1.8534435,3.0741363,2.8345275,-3.1285458,1.1419625,-0.67697495
313,1715847988.035445,1.8534435,3.0741363,2.8345275,-3.1285458,1.1419625,-0.96353084
314,1715847988.036996,1.9559411,3.00088,3.638026,-3.0710216,0.6274402,-0.96353084
315,1715847988.0385773,1.9281037,2.809376,4.647924,-2.3019013,0.5667202,-0.89322346
316,1715847988.040014,2.1429276,2.555299,5.490676,-0.5175849,0.79575187,-0.5768402
317,1715847988.046525,2.4699554,2.3031147,5.614662,-0.5175849,0.79575187,-0.5768402
318,1715847988.048042,2.4699554,2.3031147,5.614662,1.802559,0.5731118,-0.5022718
319,1715847988.0493443,2.4997466,2.2027535,4.97483,3.6486607,-0.36751592,-0.78563184
320,1715847988.0811641,2.406528,2.1498868,4.246846,3.6486607,-0.36751592,-0.78563184
321,1715847988.0877044,2.406528,2.1498868,4.246846,4.549874,-1.1835078,-1.0306425
322,1715847988.1195204,2.4655602,2.0461683,3.8806875,4.9056716,-1.4892384,-1.2724572
323,1715847988.1262336,2.4655602,2.0461683,3.8806875,5.138964,-1.3635373,-1.6666048
324,1715847988.1277978,2.39383,1.6179858,3.2374976,5.177314,-1.2197267,-2.0735354
325,1715847988.1292462,2.39383,1.6179858,3.2374976,4.979175,-1.3507541,-2.4975104
326,1715847988.130706,2.246402,1.4715344,2.90815,4.979175,-1.3507541,-2.4975104
327,1715847988.1321626,2.0979972,1.3367429,2.6747067,4.979175,-1.3507541,-2.4975104
328,1715847988.1334617,2.0979972,1.3367429,2.6747067,4.579701,-1.5318489,-2.888462
329,1715847988.1348403,1.7445358,0.913444,2.637407,4.248404,-1.3709942,-3.271957
330,1715847988.1361918,1.3506005,0.68067235,2.5400374,4.432695,-0.6562023,-3.9121802
331,1715847988.137631,1.3506005,0.68067235,2.5400374,4.6745095,-0.5624591,-3.9590518
332,1715847988.1390731,1.0172237,0.56285197,2.4373565,4.6745095,-0.5624591,-3.9590518
333,1715847988.1404834,0.5851951,0.2200739,2.2198467,5.104876,-0.7914908,-3.8567865
334,1715847988.1416998,0.5851951,0.2200739,2.2198467,5.6524215,-1.3795162,-3.7566519
335,1715847988.1797385,0.56419504,0.014468104,1.8798767,5.6524215,-1.3795162,-3.7566519
336,1715847988.1863601,0.56419504,0.014468104,1.8798767,6.1285944,-2.004826,-3.7768917
337,1715847988.2029433,0.56419504,0.014468104,1.8798767,6.339516,-2.3371882,-3.879157
338,1715847988.2096527,0.5461251,-0.19889064,1.4797757,6.339516,-2.3371882,-3.879157
339,1715847988.2161398,0.5461251,-0.19889064,1.4797757,6.252165,-2.4639544,-4.0069885
340,1715847988.2177544,0.4543107,-0.51163363,1.1344336,6.252165,-2.4639544,-4.0069885
341,1715847988.2192028,0.4543107,-0.51163363,1.1344336,6.021003,-2.494847,-4.148669
342,1715847988.220778,0.37965035,-0.6386722,1.0404825,5.786778,-2.2817945,-4.245608
343,1715847988.232466,0.37965035,-0.6386722,1.0404825,5.5098095,-1.8823206,-4.2615867
344,1715847988.264674,0.29326907,-0.7342105,1.0012904,5.5098095,-1.8823206,-4.2615867
345,1715847988.2814333,0.29326907,-0.7342105,1.0012904,5.2914305,-1.5275879,-4.2360206
346,1715847988.2881458,0.18680337,-0.8263302,1.0865119,5.2914305,-1.5275879,-4.2360206
347,1715847988.3099723,0.18680337,-0.8263302,1.0865119,5.2807775,-1.37419,-4.1348205
348,1715847988.3269033,0.042305466,-0.8947027,1.2279574,5.2807775,-1.37419,-4.1348205
349,1715847988.3287015,-0.10365755,-0.94219714,1.3795367,5.4906344,-1.5275879,-3.9633129
350,1715847988.3301098,-0.23301582,-0.97131646,1.442476,5.4906344,-1.5275879,-3.9633129
351,1715847988.331584,0.12777106,-0.9523919,1.2250272,6.131923,-2.4117565,-3.627755
352,1715847988.3330486,0.2595712,-0.8622258,1.0603228,6.309822,-3.0285442,-3.6213634
353,1715847988.3344936,1.6792157,-0.63433784,1.7587599,4.392348,-1.5084132,-4.2786307
354,1715847988.3359072,1.8558854,-0.7516699,2.1709483,4.637225,-0.76592445,-5.9340506
355,1715847988.3371592,1.6904484,-0.75118154,2.0818198,4.9237814,-0.9874993,-6.35483
356,1715847988.3893762,1.6904484,-0.75118154,2.0818198,5.056939,-1.0215877,-6.3569603
357,1715847988.401179,1.6904484,-0.75118154,1.6735383,5.056939,-1.0215877,-6.3569603
358,1715847988.4026155,1.2310708,-0.7613763,1.6735383,5.056939,-1.0215877,-6.3569603
359,1715847988.404016,1.0587355,-0.80935913,1.2657454,5.0058064,-0.92677927,-6.11408
360,1715847988.40539,0.9113074,-0.88792646,0.87052804,4.9525433,-0.5028044,-5.665604
361,1715847988.406838,0.085404545,-1.257382,-0.22507975,4.021503,-1.1046783,-5.463204
362,1715847988.4166548,0.085404545,-1.257382,-0.22507975,3.5506566,-1.1249182,-5.2171283
363,1715847988.4487948,-0.30706567,-1.3868624,-0.53507566,3.5506566,-1.1249182,-5.2171283
364,1715847988.4692593,-0.6615037,-1.543997,-0.7990422,3.5506566,-1.1249182,-5.2171283
365,1715847988.4912174,-0.6615037,-1.543997,-0.7990422,3.1458564,-0.9715203,-4.864526
366,1715847988.4928343,-1.0022062,-1.7442306,-1.0610553,2.7751446,-0.752076,-4.465052
367,1715847988.4942253,-1.9604586,-2.3241758,-1.5187846,2.5887234,-0.6977476,-4.2445426
368,1715847988.4955406,-1.9604586,-2.3241758,-1.5187846,2.0912454,-0.79894763,-3.4839444
369,1715847988.4971118,-3.0417204,-2.9297605,-2.0481827,0.9865672,-0.19387797,-1.7017585
370,1715847988.4985716,-3.2023346,-3.0078394,-2.083529,0.56898385,0.055393703,-0.96672666
371,1715847988.50002,-3.2828555,-3.008816,-2.079622,0.17803216,0.30573064,-0.19760638
372,1715847988.5116067,-3.180419,-2.9215193,-1.8989844,0.17803216,0.30573064,-0.19760638
373,1715847988.5133305,-3.180419,-2.9215193,-1.8989844,-0.3748396,0.76166344,1.138234
374,1715847988.5147607,-2.8597398,-2.8453937,-1.7822628,-0.6550039,1.0929604,2.039447
375,1715847988.5490973,-2.8597398,-2.8453937,-1.7822628,-1.1695262,1.5137395,3.2953928
376,1715847988.5509095,-2.416967,-2.5462642,-1.7924577,-1.1695262,1.5137395,3.2953928
377,1715847988.5522742,-2.276376,-2.4046354,-1.7439864,-1.4646041,1.5233269,3.7545214
378,1715847988.5742285,-1.9834732,-2.2184424,-1.6107821,-1.4646041,1.5233269,3.7545214
379,1715847988.5758917,-0.99109566,-1.8829291,-1.1318085,-2.996453,2.202965,5.5612082
380,1715847988.5847132,-0.4648718,-1.7073582,-0.871688,-3.5716953,2.789925,5.9979663
381,1715847988.617759,-0.4648718,-1.7073582,-0.871688,-4.2555947,3.3289485,6.3175454
382,1715847988.6194122,0.08088708,-1.54009,-0.59563416,-4.2555947,3.3289485,6.3175454
383,1715847988.6208727,0.5974045,-1.3674494,-0.22459136,-4.9906263,3.5920687,6.4602904
384,1715847988.645306,0.5974045,-1.3674494,-0.22459136,-5.3549466,3.545197,6.4677477
385,1715847988.6471362,1.7279313,-0.8277953,1.4231242,-6.941124,2.797382,6.0427074
386,1715847988.6484523,1.827987,-0.7759055,1.7234137,-7.0199533,2.7995126,5.905288
387,1715847988.6650789,1.827987,-0.7759055,1.7234137,-7.0199533,2.7995126,5.6102104
388,1715847988.666631,1.827987,-0.7759055,1.7234137,-6.8750777,2.9433231,5.6102104
389,1715847988.6679463,1.88415,-0.652774,2.359827,-6.185719,3.0807421,5.249086
390,1715847988.6692634,1.8514289,-0.52713954,2.7652392,-6.185719,3.0807421,5.249086
391,1715847988.6909475,1.8514289,-0.52713954,2.7652392,-5.304746,2.9965863,4.9646606
392,1715847988.6976535,1.8514289,-0.52713954,2.8693852,-5.304746,2.9965863,4.9646606
393,1715847988.6990392,1.5195172,-0.34631878,2.8693852,-5.304746,2.9965863,4.9646606
394,1715847988.7003741,1.3632983,-0.30651623,2.72214,-4.6421523,2.8975167,4.874113
395,1715847988.724686,1.124544,-0.29540572,2.139448,-4.6421523,2.8975167,4.874113
396,1715847988.741496,1.124544,-0.29540572,2.139448,-4.6421523,2.8975167,4.9082017
397,1715847988.743193,1.124544,-0.29540572,2.139448,-3.9859498,2.9358664,4.9082017
398,1715847988.7445464,1.0475029,-0.30505112,1.6633437,-3.889144,3.1531801,4.893288
399,1715847988.7459018,0.9508047,-0.32983616,1.386313,-3.961582,3.245858,4.8421555
400,1715847988.747378,0.9508047,-0.32983616,1.386313,-4.207658,3.2575758,4.716454
401,1715847988.7486665,0.77895784,-0.34094667,1.3151323,-4.684896,2.7877946,4.477835
402,1715847988.7754552,0.78188807,-0.32592914,1.280763,-4.684896,2.7877946,4.477835
403,1715847988.7924,0.78188807,-0.32592914,1.280763,-4.8478813,2.6695504,4.4618564
404,1715847988.8195794,0.83805114,-0.29149872,1.2821671,-4.8478813,2.6695504,4.4618564
405,1715847988.8261914,0.83805114,-0.29149872,1.2821671,-4.981039,2.5800683,4.4575953
406,1715847988.8275704,0.8883538,-0.23234431,1.193527,-5.1802435,2.530001,4.4022017
407,1715847988.8290985,0.9659443,0.082352206,1.0322412,-7.078543,3.4003212,3.2943275
408,1715847988.8304598,0.96008384,0.20017262,1.0313256,-7.078543,3.4003212,3.2943275
409,1715847988.8522146,0.96008384,0.20017262,1.0313256,-7.321423,3.3364053,3.0130978
410,1715847988.8589475,0.96008384,0.20017262,1.1998758,-7.321423,3.3364053,3.0130978
411,1715847988.8602438,1.3106148,1.1350441,1.8493533,-7.272421,2.8879294,2.6359947
412,1715847988.8615923,1.3106148,1.1350441,1.8493533,-6.8388586,2.155028,2.1843228
413,1715847988.8679886,1.3106148,1.1350441,1.9413509,-6.394644,1.63731,1.8562217
414,1715847988.8694232,1.3652518,1.4866129,1.9413509,-6.394644,1.63731,1.8562217
415,1715847988.8759582,1.6503407,2.0660086,1.9622289,-6.394644,1.63731,1.8562217
416,1715847988.887491,1.6503407,2.0660086,1.9622289,-5.667069,1.285773,1.3800489
417,1715847988.8892045,1.9139409,2.5736742,2.0813315,-5.0705214,1.5105437,0.79734975
418,1715847988.9245408,1.4745257,3.5667236,2.3772867,-3.4597096,2.239184,-0.66845286
419,1715847988.9312987,1.4745257,3.5667236,2.3772867,-3.4597096,2.2104218,-1.053013
420,1715847988.9327903,1.4745257,3.5667236,2.3772867,-2.757701,2.2104218,-1.053013
421,1715847988.9341822,1.2416929,3.8446085,2.7938092,-0.49401596,0.8468845,-1.6442343
422,1715847988.951131,1.2416929,3.8446085,2.7938092,-0.49401596,0.8468845,-2.0405123
423,1715847988.9526892,1.7058933,3.736922,3.0471537,1.2700604,-1.2932299,-2.0405123
424,1715847988.9732993,1.777196,3.6292963,3.127064,1.2700604,-1.2932299,-2.0405123
425,1715847988.974783,1.8606468,3.1463547,3.4471936,2.3768692,-0.8032087,-2.4932492
426,1715847989.0240448,1.7596143,2.7264135,3.4849818,2.9936569,-0.38988644,-2.6274724
427,1715847989.0258784,1.6902653,2.2701492,3.3450015,3.5252233,-0.97684664,-2.8575695
428,1715847989.0373416,1.6336137,2.1984193,3.323696,3.5252233,-0.97684664,-2.8575695
429,1715847989.0438387,1.6336137,2.1984193,3.323696,3.531615,-1.1685941,-2.9385295
430,1715847989.0708735,1.6336137,2.1984193,3.2878613,3.531615,-1.1685941,-2.9385295
431,1715847989.0725822,1.4628046,2.0330431,3.2878613,3.4890044,-1.261272,-2.9843357
432,1715847989.0840123,1.3421761,1.8550917,3.2147272,3.4890044,-1.261272,-2.9843357
433,1715847989.1006663,1.3421761,1.8550917,3.2147272,3.5784864,-1.0077393,-2.8628957
434,1715847989.1380231,1.3421761,1.7003989,3.0054586,3.5784864,-1.0077393,-2.8628957
435,1715847989.1396787,1.3046322,1.7003989,3.0054586,3.7766254,-0.864994,-2.7009757
436,1715847989.1411693,1.3592693,1.5190898,2.8238442,3.9513288,-0.99708664,-2.702041
437,1715847989.1425545,1.3416877,1.3086003,2.6199477,3.9513288,-0.99708664,-2.702041
438,1715847989.143996,0.94189185,0.8348767,1.8667516,4.681034,-0.36964643,-3.078079
439,1715847989.145364,0.6617479,0.46731368,1.5015694,5.112466,-0.40480015,-3.171822
440,1715847989.1469204,0.42745003,0.11092213,1.2661728,5.524723,-1.0791119,-3.252782
441,1715847989.148405,0.1984633,-0.2682399,0.9145429,5.7889085,-1.4476931,-3.2666306
442,1715847989.1650486,0.1984633,-0.2682399,0.9145429,5.7889085,-1.8258617,-3.24426
443,1715847989.166684,0.1984633,-0.2682399,0.9145429,6.0083528,-1.8258617,-3.24426
444,1715847989.1680028,0.19113769,-0.39430162,0.7639403,6.0232663,-2.0602198,-3.2261505
445,1715847989.2041168,0.19113769,-0.39430162,0.7639403,5.938045,-2.166746,-3.2570431
446,1715847989.2107735,0.19113769,-0.39430162,0.73585874,5.938045,-2.166746,-3.2570431
447,1715847989.2120867,0.27367306,-0.49368587,0.73585874,5.938045,-2.166746,-3.2570431
448,1715847989.2338967,0.27367306,-0.49368587,0.73585874,5.7889085,-1.8578196,-3.490336
449,1715847989.235688,0.2858824,-0.62896574,0.6292709,5.7889085,-1.8578196,-3.490336
450,1715847989.2472456,0.2858824,-0.62896574,0.6292709,5.7132745,-1.6554195,-3.5702307
451,1715847989.2536716,0.16531488,-0.64209074,0.61956453,5.7132745,-1.6554195,-3.5702307
452,1715847989.2653456,0.16531488,-0.64209074,0.61956453,5.39263,-1.378451,-3.632016
453,1715847989.2668705,0.15505901,-0.5717648,0.80410916,4.8482804,-1.504152,-3.352917
454,1715847989.2682407,0.2590218,-0.50925285,1.0409708,4.708731,-1.6596806,-3.199519
455,1715847989.269758,0.57048285,-0.49417427,1.2308266,4.8067355,-1.984586,-3.0482516
456,1715847989.2768059,0.75398964,-0.4888632,1.2250272,4.8067355,-1.984586,-3.0482516
457,1715847989.2883904,0.75398964,-0.4888632,1.2250272,4.895152,-2.0602198,-3.10258
458,1715847989.2900798,0.8867666,-0.529093,1.2288731,4.9686556,-2.0186744,-3.2208242
459,1715847989.2915568,0.95855767,-0.5712764,1.1862624,5.0730515,-1.9600849,-3.3880706
460,1715847989.2929194,0.79061776,-0.6595502,0.9494006,5.1390977,-1.8492975,-3.6373422
461,1715847989.3103666,0.79061776,-0.6595502,0.9494006,5.0368323,-1.867407,-3.6469297
462,1715847989.3375475,0.74574834,-0.6721258,0.7387279,5.0368323,-1.867407,-3.6469297
463,1715847989.3596241,0.74574834,-0.6721258,0.7387279,4.7950172,-1.8343838,-3.7321508
464,1715847989.3612533,0.67493397,-0.6872044,0.4466798,4.7950172,-1.8343838,-3.7321508
465,1715847989.3626096,0.67493397,-0.6872044,0.4466798,4.429632,-1.7512932,-3.8322856
466,1715847989.3643122,0.40058944,-0.6872044,0.27379513,4.130293,-1.6916385,-3.8738308
467,1715847989.3656404,0.048165966,-0.7603996,0.25438222,4.130293,-1.6916385,-3.8738308
468,1715847989.3669825,0.048165966,-0.7603996,0.25438222,3.7766254,-1.6873775,-3.846134
469,1715847989.3683968,-0.24766707,-0.7807892,0.22294308,3.653055,-1.7970996,-3.672496
470,1715847989.3699322,-0.5234768,-0.85740304,0.08583187,3.6626422,-2.0761986,-3.0844705
471,1715847989.371333,-0.8329843,-0.88499624,-0.13503563,3.653055,-1.9238659,-3.4317465
472,1715847989.3871565,-1.054096,-0.90733933,-0.3704323,3.653055,-1.9238659,-3.4317465
473,1715847989.3886845,-1.054096,-0.90733933,-0.3704323,3.609379,-2.2221396,-2.8149588
474,1715847989.4157782,-1.054096,-0.90733933,-0.3704323,3.3888695,-2.5896556,-2.4303987
475,1715847989.4224823,-1.3362546,-0.9533686,-0.63775647,3.3888695,-2.5896556,-2.4303987
476,1715847989.4392464,-1.5549242,-1.0392005,-0.93804586,3.3888695,-2.5896556,-2.4303987
477,1715847989.4408486,-1.5573663,-1.1754571,-1.3023125,2.4216104,-3.1009822,-1.5536869
478,1715847989.4422052,-1.6399015,-1.532337,-1.6839775,0.4892223,-1.6245269,-1.26287
479,1715847989.4892933,-1.6399015,-1.6908758,-1.5933838,0.4892223,-1.6245269,-1.26287
480,1715847989.490892,-2.064116,-1.6908758,-1.5933838,0.4892223,-1.6245269,-1.26287
481,1715847989.4923377,-3.0604007,-1.8499638,-0.8939701,-1.140631,1.0855036,-0.061252654
482,1715847989.4937418,-2.991601,-1.8635161,-0.69056195,-0.7091992,0.7808382,1.6719311
483,1715847989.4949982,-2.0284648,-1.7224368,-0.8838363,-0.5025381,0.8628635,2.168344
484,1715847989.5099115,-2.0284648,-1.7224368,-0.8838363,-0.5942839,1.4466279,2.0469038
485,1715847989.5115473,-1.8077195,-1.6157271,-1.1947479,-0.5942839,1.4466279,2.0469038
486,1715847989.5130184,-2.0113106,-1.4911304,-1.5178078,-1.3250546,2.4224093,1.8881795
487,1715847989.5359066,-2.0845058,-1.4766012,-1.4669559,-1.3250546,2.4224093,1.8881795
488,1715847989.537781,-2.0845058,-1.4766012,-1.4669559,-1.7586169,2.789925,1.9371817
489,1715847989.5792427,-2.1333432,-1.4586535,-1.0591018,-1.7586169,2.789925,1.9371817
490,1715847989.585908,-2.1333432,-1.4586535,-1.0591018,-2.4829962,3.3438623,2.2471733
491,1715847989.6025846,-2.1333432,-1.4586535,-1.0591018,-2.74079,3.532414,2.9758136
492,1715847989.6246085,-1.9600313,-1.441194,-0.41688895,-2.74079,3.532414,2.9758136
493,1715847989.646639,-1.7081519,-1.4130515,-0.17569284,-2.74079,3.532414,2.9758136
494,1715847989.6636016,-1.7081519,-1.4130515,-0.17569284,-2.74079,3.532414,3.519098
495,1715847989.665194,-1.7081519,-1.4130515,-0.17569284,-2.5937836,3.4152348,3.519098
496,1715847989.6665936,-0.7406204,-1.3403447,-0.060436387,-2.049434,2.894321,4.892223
497,1715847989.6679595,-0.008851794,-1.2802135,-0.08461093,-2.0590212,2.7174873,5.433377
498,1715847989.6692986,0.6169395,-1.1512215,0.078139976,-2.3423812,2.6024387,5.6442986
499,1715847989.67066,1.4956479,-0.9063626,0.5353198,-2.7770088,2.2711418,5.761478
500,1715847989.6721654,1.8237135,-0.811801,0.7779811,-3.5024533,1.7587501,5.8051534
501,1715847989.6735258,2.1127095,-0.34821123,1.4875896,-3.9519944,2.914561,4.941225
502,1715847989.6748118,2.1127095,-0.34821123,1.4875896,-4.090479,3.7124434,4.6397552
503,1715847989.6895504,2.1127095,-0.34821123,1.4875896,-4.2662473,4.4027343,4.3095236
504,1715847989.6911483,1.8583882,-0.32544076,1.4803251,-4.512323,4.9055386,4.0432076
505,1715847989.692451,1.5024852,-0.3404583,1.4100602,-4.512323,4.9055386,4.0432076
506,1715847989.7210176,1.5024852,-0.3404583,1.4100602,-4.7412214,5.146288,3.9292245
507,1715847989.7277634,1.2372365,-0.3748887,1.3635424,-4.7412214,5.146288,3.9292245
508,1715847989.7592876,1.0854131,-0.3787957,1.3736762,-4.7412214,5.146288,3.9292245
509,1715847989.7660718,1.0854131,-0.3787957,1.3736762,-4.7412214,5.146288,3.7396076
510,1715847989.7674665,1.0854131,-0.3787957,1.3736762,-5.1449566,5.2048774,3.7396076
511,1715847989.768874,0.6445937,-0.39576674,1.4061532,-5.732982,4.5699806,3.4157674
512,1715847989.7956684,0.6445937,-0.39576674,1.4061532,-5.991841,4.2301617,3.3156328
513,1715847989.8279026,0.54594195,-0.38703704,1.4647582,-5.991841,4.2301617,3.3156328
514,1715847989.834476,0.54594195,-0.38703704,1.4647582,-6.1441736,4.034153,3.3017843
515,1715847989.8360083,0.5571746,-0.32788265,1.568904,-6.278397,3.7486622,3.3177633
516,1715847989.837486,0.6055237,-0.26341715,1.5989392,-6.316746,3.5963297,3.2229548
517,1715847989.838856,0.5835469,-0.1334484,1.4454063,-6.373205,3.5505233,3.049317
518,1715847989.8402839,0.5835469,-0.1334484,1.4454063,-6.5287337,3.601656,2.8671567
519,1715847989.8417866,0.48831373,0.070692256,1.2942543,-7.979623,4.2290964,2.0309248
520,1715847989.8430583,0.32037386,0.31994653,1.7059543,-8.587888,4.5785027,1.5632743
521,1715847989.8666224,0.26714104,0.59630567,2.0551422,-8.587888,4.5785027,1.5632743
522,1715847989.883408,0.26714104,0.59630567,2.0551422,-8.421707,4.6168523,1.4908363
523,1715847989.9055414,0.26714104,0.59630567,2.0551422,-8.421707,4.6168523,1.4365078
524,1715847989.9072282,0.42384827,1.1927334,2.5366187,-7.565235,4.224835,1.4365078
525,1715847989.9086566,1.4845984,2.1964657,2.7148147,-5.391032,2.902843,0.9209203
526,1715847989.9253528,1.7141956,3.2287679,2.411656,-4.197937,1.7896427,-0.81545925
527,1715847989.9321055,1.7141956,3.2287679,2.411656,-5.6680007,1.0450236,-0.8580698
528,1715847989.9337034,1.7195677,3.811155,5.365713,-5.6680007,1.0450236,-0.8580698
529,1715847989.935077,1.7195677,3.811155,5.365713,-5.3665314,1.4647373,-0.40426752
530,1715847989.94528,2.3068383,3.6428487,6.8506775,-3.6535876,1.6255921,-0.14221267
531,1715847989.9791665,2.80669,3.3310826,7.4198174,-3.6535876,1.6255921,-0.14221267
532,1715847989.9808564,2.80669,3.3310826,7.4198174,-1.1363698,1.2804468,-0.2881538
533,1715847989.9821873,2.789597,3.0479472,7.1989503,2.0668776,-0.11291793,-0.8740487
534,1715847990.0048969,2.789597,3.0479472,7.1989503,6.2107525,-3.237336,-3.1036453
535,1715847990.007081,2.578741,2.087375,3.7620122,6.2107525,-3.237336,-3.1036453
536,1715847990.013851,2.5802064,1.791603,3.2936609,5.5108747,-2.5289357,-3.7076497
537,1715847990.0246286,2.3146524,1.4599354,3.136221,4.64375,-1.5467626,-4.29461
538,1715847990.0348241,2.3146524,1.4599354,3.1551454,4.373173,-0.99069506,-4.614189
539,1715847990.0362809,1.9973309,1.1597681,3.1551454,4.373173,-0.99069506,-4.614189
540,1715847990.0451226,1.7464284,0.8994032,3.1313982,4.4743733,-0.707335,-4.7942185
541,1715847990.0626924,1.3832606,0.5662706,2.9977057,4.4743733,-0.707335,-4.7942185
542,1715847990.0651834,1.3832606,0.5662706,2.9977057,4.8834343,-0.6476802,-4.957204
543,1715847990.084214,1.3832606,0.5662706,2.9977057,5.4746556,-0.93956244,-5.0040755
544,1715847990.1062334,0.9649065,0.23118442,2.7686577,5.4746556,-0.93956244,-5.0040755
545,1715847990.1180184,0.9649065,0.23118442,2.7686577,6.1170096,-1.4104089,-4.969987
546,1715847990.139903,0.805269,0.024174554,2.534665,6.1170096,-1.4104089,-4.969987
547,1715847990.1415575,0.659367,-0.2187919,2.1714363,6.6357927,-1.8951038,-4.9678564
548,1715847990.1530874,0.659367,-0.2187919,2.1714363,6.9905257,-2.4160178,-4.9678564
549,1715847990.164746,0.5362966,-0.4277553,1.7166374,6.9905257,-2.4160178,-4.9678564
550,1715847990.1970544,0.5362966,-0.4277553,1.7166374,7.0235486,-2.5779378,-5.00088
551,1715847990.2088864,0.5362966,-0.52475876,1.4352114,7.0235486,-2.5779378,-5.00088
552,1715847990.2103012,0.51773834,-0.52475876,1.4352114,7.0235486,-2.5779378,-5.00088
553,1715847990.2117553,0.49038938,-0.7856119,0.8263912,5.951894,-1.63731,-5.0861006
554,1715847990.2132392,0.42397037,-0.85105413,0.7392163,5.951894,-1.63731,-5.0861006
555,1715847990.2147868,0.13350947,-1.0852909,1.601381,5.396891,-2.162485,-5.115928
556,1715847990.2162874,0.07984928,-1.1536634,1.6541256,6.0115485,-2.453302,-5.0573387
557,1715847990.2177157,-0.033453673,-1.0731426,1.3165363,6.3023653,-2.6248093,-5.006206
558,1715847990.218954,-0.011476808,-0.9620984,1.1717333,5.9998307,-2.3947124,-4.7068667
559,1715847990.2326403,-0.011476808,-0.9620984,1.1717333,5.7186007,-2.08259,-4.5449467
560,1715847990.239322,0.04419792,-0.8869497,1.1310761,5.7186007,-2.08259,-4.5449467
561,1715847990.266345,0.04419792,-0.8869497,1.1310761,5.261603,-1.418931,-4.3255024
562,1715847990.267987,0.25017,-0.7991643,1.0850468,5.261603,-1.418931,-4.3255024
563,1715847990.2693658,0.5704218,-0.76522225,1.0239999,5.012331,-1.0130656,-4.3265676
564,1715847990.2888377,0.7832311,-0.6687683,0.94164765,5.012331,-1.0130656,-4.3265676
565,1715847990.3108623,0.7832311,-0.6687683,0.94164765,4.5393543,-0.4591286,-4.707932
566,1715847990.3175972,0.9052638,-0.6532624,0.9886537,4.5393543,-0.4591286,-4.707932
567,1715847990.344578,0.9052638,-0.6532624,0.9886537,4.1324234,-0.28442535,-5.1745176
568,1715847990.3666751,0.9052638,-0.6532624,1.0637414,4.1324234,-0.28442535,-5.1745176
569,1715847990.3683662,0.9804735,-0.66681474,1.0637414,3.9065876,-0.28762114,-5.6197977
570,1715847990.3698688,0.66168684,-0.69300383,1.0642297,3.9065876,-0.28762114,-5.6197977
571,1715847990.3813875,0.66168684,-0.69300383,1.0642297,3.6754255,-0.3334275,-6.320741
572,1715847990.392961,0.19016093,-0.73469883,1.0279069,3.6754255,-0.3334275,-6.320741
573,1715847990.409738,0.19016093,-0.73469883,1.0279069,3.6754255,-0.3334275,-6.263217
574,1715847990.4115021,0.19016093,-0.73469883,1.0279069,3.6466634,0.07563371,-6.263217
575,1715847990.4129763,-0.60112834,-0.5373344,0.7377512,3.632815,0.3824296,-5.7849135
576,1715847990.414297,-0.60112834,-0.5373344,0.7377512,3.5944655,0.54754543,-4.7292376
577,1715847990.4158213,-0.10909072,-0.4127378,0.16818409,2.7156231,-0.07137266,-1.7741964
578,1715847990.417149,0.34833336,-0.49661615,0.030157145,2.3502376,0.27909905,-1.4460952
579,1715847990.4187336,0.6016778,-0.5936196,-0.06867771,2.3502376,0.27909905,-1.4460952
580,1715847990.420248,0.6016778,-0.5936196,-0.06867771,2.0956397,0.77551186,-1.5366427
581,1715847990.4217215,0.43373787,-0.6348262,-0.11855299,2.011484,0.7126613,-1.7464995
582,1715847990.4232872,-0.4883748,-0.8142429,-0.8014841,2.1275976,0.36005908,-1.5110763
583,1715847990.4247255,-0.4883748,-0.8142429,-0.8014841,2.1893828,-0.18855165,-0.80587184
584,1715847990.4261434,-0.07832311,-1.1085498,-1.6723175,1.5161363,0.09693898,-0.41385487
585,1715847990.4406433,-0.07832311,-1.1085498,-1.6723175,1.5161363,0.09693898,-0.6269076
586,1715847990.4421432,-0.016360557,-1.336926,-2.0351188,0.8823045,0.60826546,-0.6269076
587,1715847990.4791605,-0.4322117,-1.8038734,-2.2370617,-0.54621387,1.8833859,-1.2202593
588,1715847990.4810412,-1.0165521,-1.9803599,-1.9832902,-1.3078773,2.5491755,-1.4642047
589,1715847990.482453,-1.0165521,-1.9803599,-1.9832902,-1.6935027,3.060502,-1.3587437
590,1715847990.483868,-1.994828,-2.190361,-1.3521878,-1.6935027,3.060502,-1.3587437
591,1715847990.4852777,-2.3155682,-2.3042743,-1.1729542,-1.3696625,2.9284093,-0.98377085
592,1715847990.4866793,-2.3155682,-2.3042743,-1.1729542,-0.71239495,2.4714115,-0.40000644
593,1715847990.487946,-2.5156798,-2.4298477,-1.3259987,-0.71239495,2.4714115,-0.40000644
594,1715847990.494948,-2.5156798,-2.4298477,-1.3259987,-0.16058847,2.1326575,0.16884427
595,1715847990.4963522,-2.6430845,-2.5505984,-1.9823134,-0.16058847,2.1326575,0.16884427
596,1715847990.5103686,-2.6430845,-2.5505984,-1.9823134,-0.16058847,2.1326575,0.46711805
597,1715847990.511847,-2.9569874,-2.4856446,-2.4007895,-0.8487487,1.863146,1.3598089
598,1715847990.5133789,-3.2489133,-2.321734,-2.642474,-0.8487487,1.863146,1.3598089
599,1715847990.5641577,-2.7963731,-2.1976256,-2.3160565,-0.8487487,1.863146,1.3598089
600,1715847990.565933,-2.7963731,-2.1976256,-2.3160565,-1.7670059,1.4199963,2.5912535
601,1715847990.5674,-1.9533161,-2.028892,-1.7566231,-2.3635535,1.3997563,3.6064496
602,1715847990.5688143,-1.151771,-1.8072921,-1.2868066,-2.676741,1.5425016,4.303132
603,1715847990.5701706,-0.32531866,-1.607974,-0.99616253,-2.8983157,1.6234616,4.7366943
604,1715847990.5842829,0.32244948,-1.3689146,-0.71479756,-2.8983157,1.6234616,4.7366943
605,1715847990.5859225,0.32244948,-1.3689146,-0.71479756,-3.146522,1.5595458,4.8517427
606,1715847990.5874517,0.54649144,-1.1454221,-0.43050238,-3.3862064,1.4199963,4.799545
607,1715847990.5887983,0.61681736,-1.024183,-0.09871276,-3.6216297,1.2655331,4.978509
608,1715847990.5966127,0.61681736,-0.95483375,0.14541359,-3.7260256,1.1824425,5.2608037
609,1715847990.5980227,0.8315802,-0.95483375,0.14541359,-3.7260256,1.1824425,5.2608037
610,1715847990.625347,0.8315802,-0.95483375,0.14541359,-3.7856803,1.1984215,5.6187325
611,1715847990.6320977,1.3651297,-0.78610027,0.40406913,-3.7856803,1.1984215,5.6187325
612,1715847990.6487885,1.3651297,-0.78610027,0.40406913,-3.9454699,1.3134699,5.64856
613,1715847990.6554801,1.7425214,-0.645021,0.49802023,-3.9454699,1.3134699,5.64856
614,1715847990.6720896,1.9563073,-0.5387995,0.65588737,-3.9454699,1.3134699,5.64856
615,1715847990.6737332,2.0553863,-0.40596157,0.7614984,-4.5100594,1.9089522,5.261869
616,1715847990.6751812,1.6912419,-0.2692166,0.99207234,-5.725525,2.5459797,4.420311
617,1715847990.6919107,1.6912419,-0.2692166,0.99207234,-6.2230034,2.8932557,4.1444077
618,1715847990.7088275,1.4642698,-0.3157343,1.0409708,-6.2230034,2.8932557,4.1444077
619,1715847990.7206492,1.2109253,-0.38459516,1.1552505,-6.2230034,2.8932557,4.1444077
620,1715847990.7375424,1.2109253,-0.38459516,1.1552505,-6.670414,3.0296094,3.8695698
621,1715847990.7392507,1.2109253,-0.38459516,1.1552505,-6.9441867,2.9401274,3.6991277
622,1715847990.7406783,0.8198592,-0.4903283,1.5049881,-7.1433907,2.5843294,3.5286853
623,1715847990.742014,0.5103517,-0.58586663,1.7843994,-7.1817403,2.1166787,3.4189632
624,1715847990.743304,0.5103517,-0.58586663,1.7843994,-7.1210203,1.560611,3.394462
625,1715847990.7599945,0.42445874,-0.5547938,1.8566179,-6.974014,1.1025478,3.417898
626,1715847990.766767,0.52060753,-0.54417163,1.7955711,-6.8738794,0.84581923,3.4285507
627,1715847990.7682421,0.52060753,-0.54417163,1.7955711,-6.869618,0.71692234,3.3177633
628,1715847990.7849047,0.6138261,-0.46755782,1.7514952,-6.869618,0.71692234,3.3177633
629,1715847990.7915952,0.6138261,-0.46755782,1.7514952,-6.9867973,0.7222487,3.167561
630,1715847990.8032799,0.6113842,-0.4170721,1.6836722,-6.9867973,0.7222487,3.167561
631,1715847990.8048155,0.55815136,-0.4142029,1.6212212,-7.2136984,0.92997503,3.0589042
632,1715847990.8061676,0.39564466,-0.328371,1.49577,-8.223568,2.2487712,2.7052367
633,1715847990.8153431,0.39564466,-0.24980372,1.6856256,-8.43236,2.4873903,2.6232114
634,1715847990.8167427,0.38587716,-0.24980372,1.6856256,-8.43236,2.4873903,2.6232114
635,1715847990.8593605,0.41267672,0.4358135,2.474595,-7.952991,1.8780596,2.1875186
636,1715847990.8661132,0.41267672,0.4358135,2.474595,-7.952991,1.8780596,2.0991018
637,1715847990.8675795,0.54691875,1.6427097,2.5608544,-7.107172,1.6266574,2.0991018
638,1715847990.8688936,0.9999474,2.5256913,2.4905894,-5.0160594,1.3187963,1.7976322
639,1715847990.880435,1.4065806,2.9795136,2.4024377,-4.3438783,1.4658027,1.4663353
640,1715847990.882104,1.8717575,3.5230749,2.2513468,-3.533213,1.9164091,0.66632235
641,1715847990.898062,1.9772465,3.8858154,2.0953722,-2.9643621,2.331862,-0.40107173
642,1715847990.905694,1.6609627,4.112238,2.167041,-2.8130946,2.0112176,-1.6719311
643,1715847990.9552088,1.3065248,4.1922703,2.59327,-2.8130946,2.0112176,-1.6719311
644,1715847990.9568865,1.3065248,4.1922703,2.59327,-3.0112336,1.1068088,-2.3515692
645,1715847990.958307,1.1586692,3.3257716,5.8471284,-2.9728842,-0.4761728,-2.7531736
646,1715847990.9595351,1.4330138,2.7278786,6.7848077,0.11957583,-0.9321056,-2.4772704
647,1715847990.9740472,1.4330138,2.7278786,6.7848077,1.4149363,-1.0514151,-2.4815314
648,1715847990.9857934,1.4364324,2.4849732,6.732491,1.4149363,-1.0514151,-2.4815314
649,1715847991.0178716,1.4364324,2.4849732,6.732491,4.227232,-1.6138742,-2.4463778
650,1715847991.0196285,1.3939438,2.1620352,5.7376714,4.227232,-1.6138742,-2.4463778
651,1715847991.0209641,1.4876508,1.9656475,4.9322195,4.227232,-1.6138742,-2.4463778
652,1715847991.0375056,1.4876508,1.9656475,4.9322195,5.0027437,-1.59683,-2.4730093
653,1715847991.0594554,1.4876508,1.9656475,4.9322195,5.1955566,-1.0365014,-2.6200156
654,1715847991.0612707,1.5891716,1.5306888,3.4738102,4.7012744,-0.25246745,-2.9662263
655,1715847991.0627825,1.4447348,1.2242335,3.192445,4.2304277,0.28442535,-3.199519
656,1715847991.0692334,1.4447348,1.2242335,3.192445,4.276234,0.529436,-3.3795485
657,1715847991.0756419,1.2382133,1.0196044,3.052953,4.276234,0.529436,-3.3795485
658,1715847991.0973873,0.9809618,0.81454813,2.8621206,4.276234,0.529436,-3.3795485
659,1715847991.109102,0.9809618,0.81454813,2.8621206,4.276234,0.6072002,-3.503119
660,1715847991.1104152,0.9809618,0.81454813,2.8621206,4.6011395,0.6072002,-3.503119
661,1715847991.1117728,0.7266407,0.638489,2.5177553,5.092226,0.6018739,-3.5382729
662,1715847991.1131966,0.5611427,0.50858134,2.2542772,5.43311,0.5049349,-3.5137718
663,1715847991.1147075,0.5611427,0.50858134,2.2542772,5.864542,0.16618112,-3.462639
664,1715847991.1162615,0.35810083,0.3436938,1.9970866,5.864542,0.16618112,-3.462639
665,1715847991.1226935,0.35810083,0.3436938,1.9970866,6.2629504,-0.34834117,-3.4061801
666,1715847991.1241007,0.2404025,-0.074294016,1.425505,6.2629504,-0.34834117,-3.4061801
667,1715847991.1255846,0.2404025,-0.074294016,1.425505,6.615553,-1.0034783,-3.4274855
668,1715847991.1269424,0.25944912,-0.39430162,1.0574536,6.736993,-1.3507541,-3.5329466
669,1715847991.1684237,0.29015568,-0.56547695,0.88548464,6.736993,-1.3507541,-3.5329466
670,1715847991.175081,0.29015568,-0.56547695,0.88548464,6.736993,-1.3507541,-3.6021886
671,1715847991.17648,0.2588997,-0.69153875,0.8617374,6.6049004,-1.2186614,-3.6021886
672,1715847991.1778765,0.3858161,-0.8515426,1.0608112,6.029658,-1.0258487,-3.6895401
673,1715847991.17929,0.38825798,-0.88743806,1.1392564,5.985982,-0.43675804,-3.939877
674,1715847991.2019463,0.24327171,-0.83121395,1.168803,5.985982,-0.43675804,-3.939877
675,1715847991.203637,0.24327171,-0.83121395,1.168803,5.97746,-0.45380226,-3.9366813
676,1715847991.2049932,0.024113506,-0.6988033,1.3731879,5.8304534,-1.1632677,-3.235738
677,1715847991.243375,0.1471229,-0.6954457,1.4647582,5.8304534,-1.1632677,-3.235738
678,1715847991.2450907,0.6055237,-0.6789631,1.5030345,6.0765295,-1.6362448,-2.730803
679,1715847991.2465217,1.136143,-0.71772784,1.030776,6.2150135,-1.7651416,-2.803241
680,1715847991.2478082,1.136143,-0.71772784,1.030776,6.3833256,-1.5105437,-3.38594
681,1715847991.2765503,1.0213748,-0.7221232,0.8224842,6.3833256,-1.5105437,-3.38594
682,1715847991.278205,1.0213748,-0.7221232,0.8224842,6.305561,-1.3528847,-3.5286853
683,1715847991.2796767,0.6074162,-0.7109516,0.34106874,5.3606725,-0.72650975,-3.6309507
684,1715847991.2915483,0.6074162,-0.7109516,0.34106874,4.7097964,-0.44208437,-3.4914012
685,1715847991.3033147,0.28283006,-0.6638845,0.2170826,4.7097964,-0.44208437,-3.4914012
686,1715847991.3151002,0.17203003,-0.6653496,0.2441874,4.7097964,-0.44208437,-3.4914012
687,1715847991.321632,0.17203003,-0.6653496,0.2441874,4.247472,-0.28868642,-3.2517169
688,1715847991.3383918,0.06904399,-0.64935535,0.28637078,4.247472,-0.28868642,-3.2517169
689,1715847991.3503685,0.06904399,-0.64935535,0.28637078,3.919371,-0.2130527,-3.0077715
690,1715847991.3520513,0.0055552637,-0.63818383,0.26744625,3.919371,-0.2130527,-3.0077715
691,1715847991.353528,-0.14284962,-0.6633961,0.23210013,3.4368064,0.25885904,-2.3813965
692,1715847991.3548396,-0.16726837,-0.7409867,-0.035773456,3.4368064,0.25885904,-2.3813965
693,1715847991.3561838,-0.23118442,-0.76619905,-0.29387954,3.1108358,0.529436,-1.7986975
694,1715847991.3795924,-0.23118442,-0.76619905,-0.29387954,2.8796737,0.32597065,-1.6719311
695,1715847991.3813107,-0.3507752,-0.802583,-0.5225,2.8796737,0.32597065,-1.6719311
696,1715847991.4031174,-0.5533897,-0.86369085,-0.7230389,2.8796737,0.32597065,-1.6719311
697,1715847991.4047513,-0.5533897,-0.86369085,-0.7230389,2.443981,-0.12676635,-1.44503
698,1715847991.4061863,-0.7345157,-0.8903683,-0.8358535,1.9976355,-0.7744466,-1.1222551
699,1715847991.4280844,-0.7345157,-0.8903683,-0.86637694,1.9976355,-0.7744466,-1.1222551
700,1715847991.4298127,-0.7476408,-0.9514763,-0.86637694,1.9976355,-0.7744466,-1.1222551
701,1715847991.4312866,-0.7476408,-0.9514763,-0.86637694,1.5651385,-1.3763205,-0.80587184
702,1715847991.43276,-0.8111295,-1.0096539,-0.9163133,1.2189277,-1.51587,-0.56831807
703,1715847991.4443018,-0.8111295,-1.0096539,-0.9163133,0.84821606,-1.0237182,-0.27110958
704,1715847991.4460025,-0.6148639,-1.1061078,-1.1841258,0.42743698,0.07563371,-0.12516846
705,1715847991.4475534,-0.7096086,-1.1502447,-1.3255714,-0.16804533,1.37419,-0.30413273
706,1715847991.4845214,-0.7096086,-1.1502447,-1.3255714,-0.75074446,2.2988386,-0.4948149
707,1715847991.4864073,-1.008372,-1.3291731,-1.2466378,-0.75074446,2.2988386,-0.4948149
708,1715847991.48795,-1.008372,-1.3291731,-1.2466378,-1.1033467,2.7142916,-0.8687224
709,1715847991.489253,-1.008372,-1.3291731,-1.2466378,-1.1938941,2.813361,-1.0860362
710,1715847991.4906049,-1.4759908,-1.3946153,-1.322641,-1.1981552,2.8346663,-1.178714
711,1715847991.5230284,-1.4759908,-1.3946153,-1.322641,-1.2546141,2.7430537,-1.1531478
712,1715847991.5297801,-1.660047,-1.4523656,-1.3153765,-1.2546141,2.7430537,-1.1531478
713,1715847991.5312657,-1.9358567,-1.5502849,-1.3711122,-1.2546141,2.7430537,-1.1531478
714,1715847991.5478978,-1.9358567,-1.5502849,-1.3711122,-0.9254477,3.2245526,-1.2277162
715,1715847991.570945,-2.3630016,-1.6031513,-1.7348293,-0.9254477,3.2245526,-1.2277162
716,1715847991.5727792,-2.4518247,-1.5730553,-1.7445358,-0.9115993,3.5079129,-0.36272222
717,1715847991.5742195,-1.7342188,-1.4474819,-1.2161144,-1.1139994,2.239184,1.0817751
718,1715847991.5755491,-0.8911619,-1.1129452,-1.0930439,-0.9946898,2.069807,2.3238723
719,1715847991.6029801,-0.8911619,-1.1129452,-1.0930439,-0.9946898,2.069807,3.4306812
720,1715847991.6047168,0.087541185,-0.87193215,-0.90318817,-4.4493394,2.7078998,3.454117
721,1715847991.6304755,0.29845804,-0.8942143,-0.47262475,-4.4493394,2.7078998,3.454117
722,1715847991.6321115,0.29845804,-0.8942143,-0.47262475,-5.1971545,2.296708,3.4732916
723,1715847991.6336782,0.4532118,-0.9175342,-0.052195057,-5.7819843,1.6724638,3.494597
724,1715847991.634926,0.53080237,-0.9213801,0.23210013,-6.1676097,1.1632677,3.6021886
725,1715847991.6657093,0.8622868,-0.8995864,0.8530077,-6.1676097,1.1632677,3.6021886
726,1715847991.6674466,0.97797054,-0.8578914,1.0182004,-6.8067675,0.46871597,4.1689086
727,1715847991.7034068,0.97797054,-0.8578914,1.0182004,-6.9686875,0.8064045,4.332959
728,1715847991.7050683,1.3811849,-0.75069314,1.5025462,-6.9686875,0.8064045,4.332959
729,1715847991.7065372,1.353836,-0.7017335,1.7427655,-7.135934,1.6522237,4.13269
730,1715847991.7079718,1.0599564,-0.54508734,2.212582,-6.6938496,1.7928385,3.8290896
731,1715847991.7261002,0.97797054,-0.47189218,2.2561696,-6.6938496,1.7928385,3.8290896
732,1715847991.7277777,0.97797054,-0.47189218,2.2561696,-6.367879,1.5915037,3.8163066
733,1715847991.7291465,0.979924,-0.41664472,2.2852278,-6.140978,1.4199963,3.8013928
734,1715847991.743023,0.97259843,-0.33612394,2.2673411,-6.140978,1.4199963,3.8013928
735,1715847991.754943,0.97259843,-0.33612394,2.2673411,-5.8288555,1.2602067,3.7236288
736,1715847991.7921717,0.90129566,-0.24785022,2.0924418,-5.8288555,1.2602067,3.7236288
737,1715847991.7937675,0.90129566,-0.24785022,2.0924418,-5.482645,1.3688636,3.5638392
738,1715847991.7951365,0.7216348,-0.11208201,1.7945943,-5.3889017,1.5233269,3.4530518
739,1715847991.796663,0.452174,0.02850888,1.4681157,-5.8437696,2.7153568,3.009902
740,1715847991.80748,0.452174,0.02850888,1.4681157,-6.0397778,2.858102,2.9598348
741,1715847991.8091145,0.456081,0.06342767,1.437165,-6.0397778,2.858102,2.9598348
742,1715847991.836659,0.5176162,0.15603575,1.49577,-6.0397778,2.858102,2.9598348
743,1715847991.8434658,0.51419765,0.27434456,1.5311161,-6.461622,2.7110956,2.443182
744,1715847991.872908,0.51419765,0.27434456,1.4831332,-6.461622,2.7110956,2.443182
745,1715847991.8745627,0.4741509,0.42415354,1.4831332,-6.461622,2.7110956,2.443182
746,1715847991.8759646,0.4741509,0.42415354,1.4831332,-6.602237,2.7398577,2.269544
747,1715847991.9028175,0.4741509,0.42415354,1.4831332,-6.602237,2.9134958,2.1971061
748,1715847991.904499,0.44436002,0.7194982,1.6357503,-6.726873,2.9134958,2.1971061
749,1715847991.9059205,0.5669421,1.7348293,2.3908389,-5.728721,2.9774115,2.0426428
750,1715847991.907289,0.82224005,2.310379,2.6286163,-4.578236,2.7760768,1.922268
751,1715847991.908905,1.2825333,3.4174027,2.2155123,-1.8937722,2.0996344,1.2128025
752,1715847991.9102888,1.2825333,3.4174027,2.2155123,-1.3654015,1.6394405,0.9038761
753,1715847991.9115229,1.3519435,3.8319716,1.8769464,-1.3654015,1.6394405,0.9038761
754,1715847991.917862,1.5984508,4.2911663,1.7340358,-1.3654015,1.6394405,0.9038761
755,1715847991.9295347,1.5984508,4.2911663,1.7340358,-1.2503531,0.8266445,0.50866336
756,1715847991.9667869,1.5984508,4.2911663,1.7340358,-1.448492,0.2364885,0.04207791
757,1715847991.9684176,1.9899441,4.580162,1.9481272,-1.448492,0.2364885,0.04207791
758,1715847991.9699225,2.179861,4.3944573,3.200198,-1.5145384,1.1472888,-0.9677919
759,1715847991.9713814,2.0832238,4.11468,3.823059,-0.94355714,1.7150743,-1.1563436
760,1715847991.9726925,1.863089,3.7471168,4.403798,0.40826225,1.8727332,-1.1968236
761,1715847991.9739923,1.7024746,3.380042,4.331579,2.3928483,0.7414234,-1.0498172
762,1715847991.9895437,1.8289027,3.207951,3.8201287,2.3928483,0.7414234,-1.0498172
763,1715847992.0114233,1.8289027,3.207951,3.8201287,3.531615,-0.5486107,-0.9699224
764,1715847992.0489242,1.8289027,3.207951,3.8201287,3.9907434,-1.277251,-1.0380993
765,1715847992.0506177,2.1540382,2.8631585,3.022918,4.1931434,-1.6873775,-1.3129373
766,1715847992.0521615,2.2286985,2.6338053,2.7104802,4.049333,-1.6767248,-1.6985627
767,1715847992.0536213,2.1594102,2.418554,2.5191593,4.049333,-1.6767248,-1.6985627
768,1715847992.0551267,1.9992843,2.1562357,2.4121442,3.4730253,-1.1771162,-2.5699482
769,1715847992.0568342,1.6961257,1.8948332,2.299757,3.3814127,-0.75527185,-2.9182894
770,1715847992.0583775,1.4574325,1.6868466,2.2160008,3.4357412,-0.51239175,-3.0887315
771,1715847992.0764568,1.026869,1.3314319,2.0324328,3.722297,-0.49321702,-3.2740874
772,1715847992.0782974,0.79110616,1.118073,1.9113159,3.9630466,-0.7382276,-3.3156328
773,1715847992.1005778,0.47622648,0.6656549,1.6924019,3.9630466,-0.7382276,-3.3156328
774,1715847992.102173,0.40254295,0.45766824,1.6405731,4.6746426,-2.1028302,-3.4019191
775,1715847992.1479137,0.3267838,-0.042793844,1.6047386,4.913262,-2.5534368,-3.4573128
776,1715847992.149599,0.34528098,-0.7187046,1.2070794,5.8879776,-3.064763,-4.106058
777,1715847992.1651604,0.448267,-0.79189974,1.168803,5.8879776,-3.064763,-4.106058
778,1715847992.1871495,0.448267,-0.79189974,1.168803,5.8102136,-2.8804727,-4.250934
779,1715847992.1990888,0.448267,-0.79189974,1.168803,5.6834474,-2.5662198,-4.5534687
780,1715847992.2006254,0.36188573,-0.81033593,1.1169742,5.6834474,-2.5662198,-4.5534687
781,1715847992.202072,0.0484712,-0.7759055,1.236626,5.3340406,-2.0357187,-4.614189
782,1715847992.2034693,0.027471084,-0.72401565,1.3363767,5.283973,-2.110287,-4.3617215
783,1715847992.2329984,0.027471084,-0.72401565,1.3363767,5.3084745,-2.2849903,-4.093275
784,1715847992.2396185,0.16659686,-0.6789631,1.442476,5.3084745,-2.2849903,-4.093275
785,1715847992.2817104,0.16659686,-0.6789631,1.442476,5.3649335,-2.4724767,-3.9846182
786,1715847992.2833626,0.46731368,-0.6382448,1.4686041,5.388369,-2.5800683,-3.9100497
787,1715847992.284715,0.617672,-0.6653496,1.4758687,5.388369,-2.5800683,-3.9100497
788,1715847992.286463,1.0545233,-0.65613157,1.1324801,5.584378,-2.1848555,-4.0464034
789,1715847992.2879174,0.9442116,-0.6624804,0.88743806,5.584378,-2.1848555,-4.0464034
790,1715847992.2892709,0.9442116,-0.6624804,0.88743806,5.4352407,-1.9089522,-4.1550603
791,1715847992.2906137,0.80410916,-0.6804282,0.747946,5.201948,-1.7118785,-4.129494
792,1715847992.2918777,0.5947184,-0.69105035,0.6984981,5.04855,-1.7022911,-4.01125
793,1715847992.3179064,0.4179878,-0.7012452,0.6534455,4.9526763,-1.9196049,-3.8195024
794,1715847992.324699,0.4179878,-0.7012452,0.5609595,4.9015436,-2.215748,-3.5989928
795,1715847992.3260753,0.12813735,-0.7381175,0.5609595,4.8876953,-2.4788682,-3.4317465
796,1715847992.337692,0.12813735,-0.7381175,0.5609595,4.8962173,-2.7707505,-3.1483862
797,1715847992.3494086,0.12813735,-0.7381175,0.38953996,4.8962173,-2.7707505,-3.1483862
798,1715847992.3509393,0.10616048,-0.78658867,0.38953996,4.8962173,-2.7707505,-3.1483862
799,1715847992.3573484,0.297054,-0.78854215,0.12264312,4.8962173,-2.7707505,-3.1483862
800,1715847992.3741817,0.297054,-0.78854215,0.12264312,4.7950172,-2.8634284,-2.9715526
801,1715847992.3861022,0.297054,-0.78854215,-0.16018693,4.7950172,-2.8634284,-2.9715526
802,1715847992.3877988,-0.48007244,-0.88499624,-0.6479513,3.321758,-2.4426494,-2.5539694
803,1715847992.425059,-0.78616136,-0.9345052,-0.7956847,3.321758,-2.4426494,-2.5539694
804,1715847992.436834,-0.78616136,-0.9345052,-0.7956847,2.4759388,-2.336123,-1.9297249
805,1715847992.4637928,-0.904287,-0.9310866,-0.7738909,2.4759388,-2.336123,-1.9297249
806,1715847992.46538,-0.904287,-0.9310866,-0.7738909,2.0636818,-2.207226,-1.5856447
807,1715847992.4668276,-1.0243661,-1.1449337,-0.79617304,0.9962877,-1.1313099,-0.6897581
808,1715847992.4681928,-0.9213801,-1.5211654,-0.70850974,0.36778224,-0.9544761,-0.53955597
809,1715847992.4695625,-0.9213801,-1.5211654,-0.70850974,-0.99362457,0.11078741,-1.3992237
810,1715847992.4708595,-1.3534087,-1.7723732,-0.75307393,-0.5898897,-0.4495412,-1.0807098
811,1715847992.5087998,-2.526424,-1.9338422,-0.63342214,-2.1153471,1.8951038,-1.6016237
812,1715847992.510562,-3.501342,-2.010456,-0.6692566,-2.2740712,3.1712894,-1.3907015
813,1715847992.5273223,-4.104729,-2.0133862,-0.67603284,-2.491385,3.0690243,0.25300008
814,1715847992.5354874,-4.104729,-2.0133862,-0.67603284,-2.1366522,2.364885,2.2716744
815,1715847992.536953,-3.2909746,-1.8329927,-0.40529004,-2.1366522,2.364885,2.2716744
816,1715847992.5552397,-2.7124949,-1.7631551,-0.48086604,-2.1366522,2.364885,2.2716744
817,1715847992.5574813,-2.7124949,-1.7631551,-0.48086604,-1.8831196,2.1614196,3.111102
818,1715847992.5588949,-1.7938006,-1.6031513,-0.8271848,-1.8010943,2.2317271,4.158256
819,1715847992.6092012,-1.7938006,-1.6031513,-0.8271848,-1.8010943,2.2317271,4.4629216
820,1715847992.6109004,-0.863874,-1.44504,-1.077599,-2.5616925,2.6791377,4.884766
821,1715847992.6122928,-0.34888276,-1.3975456,-1.0049533,-3.602455,3.0935252,5.1830397
822,1715847992.6138072,0.15975961,-1.3839931,-0.38013875,-5.2546787,3.2160306,5.803023
823,1715847992.6151006,0.46584854,-1.3975456,-0.060436387,-5.741504,3.018957,6.1215367
824,1715847992.6289487,0.46584854,-1.3975456,-0.060436387,-6.198502,2.5523715,6.4570947
825,1715847992.6305866,0.98425835,-1.3379028,0.5028429,-6.198502,2.5523715,6.4570947
826,1715847992.642184,1.5236684,-1.2273469,1.0714333,-6.198502,2.5523715,6.4570947
827,1715847992.6436508,1.743315,-1.1531751,1.2869898,-6.202763,1.7843164,6.573209
828,1715847992.6899676,1.743315,-0.9116737,1.6996665,-6.202763,1.7843164,6.573209
829,1715847992.6917272,2.4111066,-0.7546001,1.8096118,-5.5284514,1.8247964,6.004358
830,1715847992.693136,2.306167,-0.6221895,1.7800652,-5.368662,2.4138873,5.5303154
831,1715847992.6996114,1.9937291,-0.5547938,1.8008821,-5.368662,2.4138873,5.5303154
832,1715847992.7010906,1.9937291,-0.5547938,1.8008821,-5.3707924,2.9241483,5.0861006
833,1715847992.702522,1.6915472,-0.5232936,1.8531992,-5.361205,3.0104346,4.747347
834,1715847992.7038927,1.3650687,-0.52671224,1.9103391,-5.2376347,2.8751462,4.5225763
835,1715847992.7311115,1.137547,-0.51163363,2.005267,-5.2376347,2.8751462,4.5225763
836,1715847992.7377925,1.137547,-0.51163363,2.005267,-5.028843,2.4405186,4.4746394
837,1715847992.7394497,1.0623984,-0.48111024,2.0270607,-5.028843,2.4405186,4.4746394
838,1715847992.7411087,1.0643518,-0.44185713,1.9481272,-4.5516047,1.4476931,4.547077
839,1715847992.785755,1.1131283,-0.41713315,1.8038124,-4.5516047,1.4476931,4.547077
840,1715847992.787443,1.1331517,-0.31237674,1.6216486,-4.4972763,1.9451712,4.3649173
841,1715847992.7888172,0.89885384,-0.22996348,1.2884549,-5.0224514,2.9603674,4.044273
842,1715847992.8057456,0.8534349,-0.13247167,1.248225,-5.7521567,3.4248223,3.6213634
843,1715847992.8255982,0.79977477,-0.024357693,1.2802135,-6.0664096,3.597395,3.4040496
844,1715847992.8701513,0.7856119,0.15023631,1.3451064,-6.350835,3.6378748,3.2016494
845,1715847992.8719392,1.0599564,1.6654803,2.4668422,-5.6733274,2.5278704,2.4548998
846,1715847992.8797677,1.0599564,1.6654803,2.4668422,-5.6733274,2.5278704,2.084188
847,1715847992.881183,1.2122684,2.290539,2.5709882,-4.8040724,2.5129566,2.084188
848,1715847992.8876243,1.2122684,2.290539,2.5709882,-4.8040724,2.7782073,1.6144068
849,1715847992.889067,1.3987055,2.8059573,2.432473,-3.897533,2.7782073,1.6144068
850,1715847992.8991134,1.45145,3.1657674,2.331257,-3.3020506,2.9901948,1.1712573
851,1715847992.9011374,1.3615279,3.6864972,2.2837627,-2.5339956,2.680203,0.3840275
852,1715847992.9256291,1.3996211,4.0516186,2.418432,-2.5339956,2.680203,0.3840275
853,1715847992.9272559,1.3996211,4.0516186,2.418432,-2.1419787,1.4508889,-0.23595586
854,1715847992.9650154,1.5343516,4.1452036,2.665916,-2.1419787,1.4508889,-0.23595586
855,1715847992.9768023,1.5343516,4.1452036,2.665916,-2.1419787,0.68816024,-0.5320991
856,1715847992.9782298,1.5343516,4.1452036,2.665916,-2.0237343,0.68816024,-0.5320991
857,1715847992.9798949,1.8096728,3.1798084,4.6836977,1.3158668,0.79255605,-1.2745878
858,1715847992.981179,1.8735889,2.9644961,4.7355266,2.069008,0.574177,-1.3257204
859,1715847992.9978445,1.8735889,2.9644961,4.7355266,3.648794,-0.8255792,-1.6655395
860,1715847992.9996002,1.7481376,2.6522415,3.9073036,4.122836,-1.5467626,-1.8487649
861,1715847993.0063267,1.7481376,2.4767318,3.362888,4.3465414,-1.8887123,-2.1267986
862,1715847993.007682,1.7154166,2.4767318,3.362888,4.3465414,-1.8887123,-2.1267986
863,1715847993.03977,1.674393,2.2638614,3.0446508,4.13988,-1.4988258,-2.3046978
864,1715847993.0415769,1.6983234,1.8744435,2.9119349,3.8416066,-0.6359623,-2.5017715
865,1715847993.048094,1.6983234,1.8744435,2.9119349,4.005657,-0.34514537,-2.726542
866,1715847993.054539,1.5972909,1.5956426,2.8567486,4.005657,-0.34514537,-2.726542
867,1715847993.0815196,1.3263649,1.2746583,2.7424078,4.005657,-0.34514537,-2.726542
868,1715847993.0833046,0.5775032,0.45376122,1.6502185,6.1116834,-1.4327794,-3.454117
869,1715847993.1256611,0.40712145,0.23551875,1.2840595,6.1116834,-1.4327794,-3.454117
870,1715847993.1427267,0.40712145,0.23551875,1.2840595,6.2714725,-1.8461016,-3.5169675
871,1715847993.159651,0.40712145,0.23551875,1.2840595,6.2288623,-2.1358533,-3.6107106
872,1715847993.1613593,0.31500176,-0.027226897,0.98523515,6.2288623,-2.1358533,-3.6107106
873,1715847993.1628835,0.22520185,-0.21390817,0.8356093,6.2288623,-2.1358533,-3.6107106
874,1715847993.1644926,0.22422507,-0.52622384,0.7992864,5.816605,-1.5542195,-3.883418
875,1715847993.1659439,-0.062328834,-0.7793241,1.0768054,5.941241,-1.4263879,-4.0069885
876,1715847993.2013803,-0.062328834,-0.7793241,1.0768054,6.2863865,-2.2359881,-3.781153
877,1715847993.2029357,-0.20145461,-0.80453646,1.1514047,6.2863865,-2.2359881,-3.781153
878,1715847993.2157083,-0.20145461,-0.80453646,1.1514047,6.2863865,-2.2359881,-3.6053843
879,1715847993.2174003,0.019229759,-0.6391605,0.895191,6.436589,-3.4099085,-3.438138
880,1715847993.2188065,0.14077404,-0.5786021,0.82492614,6.1905127,-3.3566453,-3.405115
881,1715847993.2253773,0.14077404,-0.5786021,0.82492614,5.8826513,-3.0541105,-3.344395
882,1715847993.2268038,0.33258325,-0.5213401,0.7992864,5.8826513,-3.0541105,-3.344395
883,1715847993.2402222,0.33258325,-0.5213401,0.7992864,5.563072,-2.5683503,-3.373157
884,1715847993.2417114,0.57817477,-0.46072057,0.78616136,5.563072,-2.5683503,-3.373157
885,1715847993.2531216,0.57817477,-0.46072057,0.78616136,5.2679944,-2.0378492,-3.5222938
886,1715847993.2547135,0.58452356,-0.41176102,0.74550414,4.9888954,-1.6682026,-3.5766222
887,1715847993.2724519,0.534221,-0.41322613,0.7905567,4.8195186,-1.547828,-3.5340118
888,1715847993.3055825,0.4566304,-0.4122494,0.96295303,4.8195186,-1.547828,-3.5340118
889,1715847993.307416,0.5376396,-0.46511593,1.0433518,4.9526763,-2.1582239,-3.3646348
890,1715847993.30887,0.6455094,-0.46120897,0.9523309,5.201948,-2.6557019,-3.390201
891,1715847993.310319,0.6049743,-0.47726429,0.819615,5.201948,-2.6557019,-3.390201
892,1715847993.3117375,0.6049743,-0.47726429,0.819615,5.351085,-3.180877,-3.4317465
893,1715847993.3130293,0.60833186,-0.48257536,0.74019307,5.351085,-3.180877,-3.4317465
894,1715847993.3355732,0.60833186,-0.48257536,0.74019307,5.375586,-3.5068476,-3.4370728
895,1715847993.3375304,0.50925285,-0.48452884,0.4480839,5.2733207,-3.6602454,-3.422159
896,1715847993.3388216,0.50925285,-0.48452884,0.4480839,5.12738,-3.4493232,-3.352917
897,1715847993.3589923,0.38868532,-0.5107179,0.33087394,5.12738,-3.4493232,-3.352917
898,1715847993.3607712,0.38868532,-0.5107179,0.33087394,5.003809,-3.124418,-3.28474
899,1715847993.3622682,0.00988959,-0.56840724,0.0766138,4.534028,-2.5118914,-2.9140284
900,1715847993.4089947,0.00988959,-0.7439169,-0.06385501,3.8266928,-2.4032345,-2.1544955
901,1715847993.4108226,-0.50949705,-0.9170458,-0.06385501,3.5976613,-2.6610284,-1.6793879
902,1715847993.432726,-0.50949705,-0.9170458,-0.06385501,3.5827475,-2.696182,-1.6655395
903,1715847993.4345975,-0.64715767,-1.0630088,-0.30456275,3.5827475,-2.696182,-1.6655395
904,1715847993.436186,-1.0806514,-1.636605,-1.4219643,2.997918,-2.3435798,-1.7209332
905,1715847993.4375374,-1.0806514,-1.636605,-1.4219643,1.8836522,-1.6213311,-1.8988322
906,1715847993.465733,-1.4179962,-1.893124,-1.6050438,1.8836522,-1.6213311,-1.8988322
907,1715847993.4674542,-1.7748151,-2.1113055,-1.4679936,-1.1630014,0.29614326,-2.4772704
908,1715847993.4938097,-1.7748151,-2.1113055,-1.4679936,-1.1630014,1.653289,-2.532664
909,1715847993.4956086,-3.5351012,-2.5258744,-0.30651623,-3.4479916,3.2565105,-1.8295901
910,1715847993.4970167,-3.5351012,-2.5258744,-0.30651623,-3.2040462,3.145723,-1.2447604
911,1715847993.5055108,-3.5351012,-2.5258744,-0.30651623,-3.0069726,2.939062,-0.87511396
912,1715847993.511938,-3.82312,-2.4963279,-0.43825534,-3.0069726,2.939062,-0.87511396
913,1715847993.52362,-4.0828137,-2.3988361,-0.37574336,-3.0069726,2.939062,-0.87511396
914,1715847993.5506334,-4.0828137,-2.3988361,-0.37574336,-2.8013768,2.4458451,0.053795807
915,1715847993.557407,-4.0828137,-2.3988361,-0.37574336,-2.3987072,2.045306,1.3672657
916,1715847993.558853,-3.279803,-2.2577567,-0.5859887,-2.0194733,1.9749986,2.6402557
917,1715847993.5601938,-2.5363135,-2.1224768,-0.92888886,-1.982189,2.0900471,3.7236288
918,1715847993.5848405,-1.8114431,-1.9755372,-1.2054311,-1.982189,2.0900471,3.7236288
919,1715847993.591572,-1.8114431,-1.9755372,-1.2054311,-2.3837934,2.3552976,4.5641217
920,1715847993.6235564,-1.1705123,-1.8247514,-1.2529256,-2.3837934,2.3552976,4.5641217
921,1715847993.6301987,-1.1705123,-1.8247514,-1.2529256,-2.3837934,2.3552976,5.2107368
922,1715847993.6317213,-0.5236599,-1.6918523,-0.9986044,-4.675175,2.794186,6.106623
923,1715847993.6331937,1.7061986,-0.9926829,0.2601817,-5.7233944,2.615222,6.328198
924,1715847993.6346579,2.5082319,-0.58391315,0.72468716,-6.7172856,3.7912729,5.5313807
925,1715847993.6740427,2.4604323,-0.45638627,0.9048364,-7.1306076,4.5081954,4.878374
926,1715847993.6758578,1.4382027,-0.4883748,1.7383701,-7.62489,5.0493493,3.3987234
927,1715847993.6919336,1.4382027,-0.4883748,1.876458,-7.62489,5.0493493,3.3987234
928,1715847993.6934547,1.1721606,-0.5325117,1.876458,-7.62489,5.0493493,3.3987234
929,1715847993.6948268,0.747946,-0.53104657,1.9636331,-6.667218,4.0618496,2.8895273
930,1715847993.7261465,0.58641607,-0.4937469,2.0251071,-6.667218,4.0618496,2.8895273
931,1715847993.7287,0.58641607,-0.4937469,2.0251071,-6.098367,3.250119,2.8756788
932,1715847993.7303872,0.58641607,-0.4937469,2.0251071,-5.6371083,2.5960472,2.9214852
933,1715847993.7317853,0.52494186,-0.46365082,1.9960488,-5.6371083,2.5960472,2.9214852
934,1715847993.733063,0.56736946,-0.40449646,1.8696818,-5.081041,1.9132133,3.0365336
935,1715847993.7789605,0.6416024,-0.35211825,1.7422771,-5.081041,1.9132133,3.0365336
936,1715847993.7806854,0.5644392,-0.244981,1.1794862,-4.5430827,1.8652765,2.868222
937,1715847993.81261,0.37751374,-0.24449264,1.0603228,-4.5430827,1.8652765,2.868222
938,1715847993.8141832,0.37751374,-0.24449264,1.0603228,-4.746548,2.186986,2.8415904
939,1715847993.8156576,0.1753876,-0.2624404,0.97217107,-5.053344,2.502304,2.9278767
940,1715847993.8170755,0.31109476,-0.21830355,1.0278459,-5.530582,2.405365,2.9726179
941,1715847993.818413,0.36628112,-0.15914914,1.1712449,-5.618999,2.1582239,2.872483
942,1715847993.8483903,0.36628112,-0.15914914,1.1712449,-5.550822,1.7395754,2.7212157
943,1715847993.8653324,0.3877696,-0.049570043,1.3480365,-5.550822,1.7395754,2.7212157
944,1715847993.902654,0.3877696,-0.049570043,1.3480365,-5.336704,1.4700637,2.6359947
945,1715847993.9043837,0.3584671,0.106587805,1.3916241,-5.336704,1.4700637,2.6359947
946,1715847993.905912,0.64111406,0.77669907,1.2753907,-5.526321,1.5542195,2.350504
947,1715847993.9072895,0.73677444,1.5971078,1.9248683,-5.599824,1.8365144,1.9936407
948,1715847993.9086733,0.6298814,2.0660086,2.1733289,-4.778506,2.0644808,1.4279858
949,1715847993.9100058,0.8397605,3.1550844,2.2978034,-2.9206862,1.3507541,0.7813708
950,1715847993.9402683,0.9808398,3.4954817,2.2706985,-2.9206862,1.3507541,0.7813708
951,1715847993.9419117,0.9808398,3.4954817,2.2706985,-2.559562,0.74674976,0.4692486
952,1715847993.9592497,0.9808398,3.4954817,2.2706985,-2.4168167,-0.137419,-0.023968428
953,1715847993.9658654,1.2180678,3.871225,2.3273501,-2.4168167,-0.137419,-0.023968428
954,1715847993.967453,1.4699471,4.0807376,2.466354,-2.5936503,-0.58163387,-0.5938844
955,1715847993.9688783,1.1628815,3.6457791,4.4531236,-2.0631492,1.6990954,-1.3725921
956,1715847993.9807112,1.0735699,3.4343739,5.168043,-2.0631492,1.6990954,-1.3725921
957,1715847993.9823794,1.0735699,3.4343739,5.168043,-0.5760412,1.7970996,-1.2234552
958,1715847993.9838114,1.0442674,3.2234569,5.25766,-0.5760412,1.7970996,-1.2234552
959,1715847993.985202,1.0442674,3.2234569,5.25766,1.2274499,0.70200866,-1.1627351
960,1715847994.0095227,1.0442674,3.2234569,5.25766,2.7337325,-0.6295707,-1.1073414
961,1715847994.0112202,1.2283237,2.8132222,4.552935,3.3068442,-1.1462235,-1.1211898
962,1715847994.0394623,1.2283237,2.8132222,4.552935,4.493548,-2.0186744,-1.4034847
963,1715847994.0410511,1.6720122,2.2323003,3.3052597,4.752407,-2.0485017,-1.7219985
964,1715847994.0424986,1.7091287,1.8803041,2.462508,4.448807,-1.083373,-2.2759354
965,1715847994.0661945,1.4821565,1.5651191,2.124919,4.448807,-1.083373,-2.2759354
966,1715847994.0780845,1.4821565,1.5651191,2.124919,4.227232,-0.07243792,-2.7638261
967,1715847994.0796442,0.7406204,1.0191162,1.8822575,4.497809,0.70200866,-3.0919273
968,1715847994.1153018,0.7406204,1.0191162,1.7398354,4.497809,0.70200866,-3.0919273
969,1715847994.1169553,0.3808713,0.5192035,1.6076077,5.213666,-0.12250531,-3.1526475
970,1715847994.1493053,0.3808713,0.5192035,1.6076077,5.3990216,-0.36005908,-3.1643653
971,1715847994.1510649,0.18460567,0.100727305,1.4802641,5.8826513,-0.9544761,-3.1739526
972,1715847994.1524312,0.18460567,0.100727305,1.4802641,6.235254,-1.3922994,-3.1558433
973,1715847994.1539047,0.091875516,-0.5703607,1.2526203,6.8275404,-1.9110827,-3.0631652
974,1715847994.155164,0.09089876,-0.6779863,1.1499395,6.980938,-1.9387796,-3.0631652
975,1715847994.1816645,0.09089876,-0.6779863,1.1499395,7.012896,-1.9345186,-3.1132326
976,1715847994.1884341,0.13973625,-0.811801,1.0404825,7.012896,-1.9345186,-3.1132326
977,1715847994.1898253,0.13973625,-0.811801,1.0404825,6.9894605,-1.9600849,-3.2005842
978,1715847994.1912076,0.14950374,-0.8680252,0.9862119,6.9894605,-1.9600849,-3.2005842
979,1715847994.2340477,0.14950374,-0.8680252,0.9862119,6.9894605,-1.9600849,-3.2996538
980,1715847994.2356992,0.14950374,-0.8680252,0.9862119,6.912761,-1.9835206,-3.2996538
981,1715847994.237059,0.18948942,-0.8685136,0.92180747,6.912761,-1.9835206,-3.2996538
982,1715847994.2385216,0.06354977,-0.69929165,1.1673379,6.3471065,-2.2402492,-3.228281
983,1715847994.2398343,0.17923355,-0.6954457,1.2671496,6.434458,-2.567285,-2.9800746
984,1715847994.2615058,0.17923355,-0.69929165,1.2346725,6.434458,-2.567285,-2.9800746
985,1715847994.2634556,0.12361987,-0.6983149,1.0816281,6.770016,-3.2245526,-2.9172242
986,1715847994.274939,0.12361987,-0.6983149,1.0816281,6.7796035,-3.5675676,-2.6349294
987,1715847994.2762759,0.17581493,-0.69642246,0.99976426,6.7796035,-3.5675676,-2.6349294
988,1715847994.2777083,0.41505757,-0.67945147,0.88548464,6.8009086,-3.6655717,-2.4815314
989,1715847994.334425,0.41505757,-0.67945147,0.88548464,6.781734,-3.662376,-2.528403
990,1715847994.3360584,0.5141366,-0.6440443,0.61327666,6.781734,-3.662376,-2.528403
991,1715847994.3528464,0.43849954,-0.59893066,0.17587598,6.446176,-3.6794202,-2.6764746
992,1715847994.3546078,0.24028039,-0.54368323,0.04126767,5.5098095,-3.7230961,-2.8447862
993,1715847994.3562734,-0.3040133,-0.594108,0.2844173,4.23895,-3.0945904,-2.4453125
994,1715847994.3576415,-0.54954374,-0.66974497,0.29217026,4.27943,-2.8804727,-2.2471733
995,1715847994.3649457,-0.54954374,-0.66974497,0.29217026,4.3667817,-2.756902,-1.8508954
996,1715847994.366455,-0.91075796,-0.71143997,0.12746581,4.3667817,-2.756902,-1.8508954
997,1715847994.415652,-0.91075796,-0.71143997,0.12746581,4.2453413,-2.8037736,-1.2532825
998,1715847994.4223309,-1.1870561,-0.7643066,-0.18588766,4.2453413,-2.8037736,-1.2532825
999,1715847994.4288034,-1.1352882,-0.82199585,-0.44503155,4.2453413,-2.8037736,-1.2532825
1000,1715847994.4302714,-1.1352882,-0.82199585,-0.44503155,3.8639772,-2.9177568,-0.6151897
